{
  "editor-devtools/help-title": "Scratch 3 Developer Tools",
  "editor-devtools/help-by": "by {url} and Scratch Addons contributors & translators",
  "editor-devtools/ctrl-space": "Ctrl + Space, Middle Click, or Shift + Click",
  "editor-devtools/ctrl-space-desc": "Pops up a floating input box where you can type the name of a block (or parts of it) and drag the block into the code to make use of it right there. Hold Shift while dragging to avoid closing the box when adding multiple blocks at once.",
  "editor-devtools/code-tab-features": "Code Tab Features",
  "editor-devtools/interactive-find-bar": "Interactive Find Bar (Ctrl + F)",
  "editor-devtools/interactive-find-bar-desc": "Quickly find and jump to any Custom Block, Variable, Event, or Hat block defined in a sprite by clicking on the new find bar located to the right of the Code, Costumes and Sounds tabs. Begin typing to filter down the list. Use the up and down arrow keys to switch between the possible entries, and the left and right arrows to cycle between all found instances of that block.",
  "editor-devtools/improved-tidy-up": "Improved Code Clean Up",
  "editor-devtools/improved-tidy-up-desc": "Right click on the code area to pop up the menu and the Clean up Blocks option will have been replaced by a Clean up Blocks + option. Use this to tidy your scripts and it will preserve your scripts columns as well as attempt to align the comments and remove all those orphaned variables, etc.",
  "editor-devtools/help-new": "★New★",
  "editor-devtools/help-make-space": "Make Space",
  "editor-devtools/help-make-space-desc": "Make extra space around a script by right clicking on the script and choosing \"Make Space\".",
  "editor-devtools/copy-to-clipboard": "Copy to Clipboard",
  "editor-devtools/copy-to-clipboard-desc": "Right click a block and 3 new options are available to Copy All, Copy Block, and Cut Block. The Copy All will copy to the clipboard everything including and below the block you clicked on. Copy block will only copy the current block and its contents, but nothing below. And cut block will copy it and remove it from the code area.",
  "editor-devtools/paste-from-clipboard": "Paste from Clipboard",
  "editor-devtools/paste-from-clipboard-desc": "Pastes from the clipboard, but importantly pastes it where your mouse cursor is so you can then place it (rather than placing it where you copied it from like the current scratch implementation).",
  "editor-devtools/swap-variable": "Swap Variable in Sprite",
  "editor-devtools/swap-variable-desc": "Right click a variable in your scripts for this new option. It allows you to switch all references to this variable in the current sprite all in one go to another variable. This is great for when you made a mistake and want to switch from one variable to another or need to change from a 'for all sprites' to a 'for this sprite only'. This option will not remove the old variable and will not affect any other sprites variables.",
  "editor-devtools/middleclick": "Jump To",
  "editor-devtools/middleclick-desc": "Using the middle mouse button or Shift + Click on a variable or custom block allows you to jump to its definition or open it in the interactive find bar.",
  "editor-devtools/ctrl-lr": "Ctrl + Left, Ctrl + Right",
  "editor-devtools/ctrl-lr-desc": "Navigate to previous / next visited position in the code area (after using the navigate to block or find bar). This allows you to middle click a custom block to go to its definition, then press ctrl + Left to go back to where you were before.",
  "editor-devtools/costume-tab-features": "Costumes Tab Features",
  "editor-devtools/find-bar": "Find Bar",
  "editor-devtools/find-bar-costume-desc": "Click to list all costumes by name, and type to locate one. Use the arrow keys or mouse to click a name to jump straight to that costume.",
  "editor-devtools/ctrl-lr-costume-desc": "These keys navigate you to the previous / next costume in the sprite.",
  "editor-devtools/youtube": "YouTube tutorials",
  "editor-devtools/orphaned": "{count, plural, one {Developer tools: Delete 1 orphaned reporter block?} other {Developer tools: Delete # orphaned reporter blocks?} }",
  "editor-devtools/unused-var": "{count, plural, one {Developer tools: Delete 1 unused local variable? Here it is:\n} other {Developer tools: Delete # unused local variables? Here they are:\n} }",
  "editor-devtools/unused-list": "{count, plural, one {Developer tools: Delete 1 unused local list? Here it is:\n} other {Developer tools: Delete # unused local lists? Here they are:\n} }",
  "editor-devtools/var-not-exist": "That variable does not exist...",
  "editor-devtools/find": "Find",
  "editor-devtools/find-placeholder": "Find (Ctrl+F)",
  "editor-devtools/deep": "Deep",
  "editor-devtools/help": "Help",
  "editor-devtools/tutorials": "Tutorials",
  "editor-devtools/replace": "Developer tools: Switch all {name} in this sprite for the variable named:",
  "editor-devtools/top": "send to top",
  "editor-devtools/bottom": "send to bottom",
  "editor-devtools/clean-plus": "Clean up Blocks +",
  "editor-devtools/paste": "Paste",
  "editor-devtools/copy-all": "Copy All",
  "editor-devtools/copy-block": "Copy Block",
  "editor-devtools/cut-block": "Cut Block",
  "editor-devtools/make-space": "Make Space",
  "editor-devtools/swap": "Swap {var} in Sprite",
  "editor-devtools/lists": "lists",
  "editor-devtools/variables": "variables",
  "editor-devtools/insert": "Insert",
  "editor-devtools/start-typing": "Start Typing...",
  "editor-devtools/extension-description-not-for-addon": "Scratch 3 Developer Tools to enhance your Scratch Editing Experience on https://scratch.mit.edu"
}
