{
  "folders/open-folder": "Opened",
  "folders/closed-folder": "Folder",
  "folders/create-folder": "create folder",
  "folders/add-to-folder": "add to folder: {folder}",
  "folders/rename-folder": "rename folder",
  "folders/remove-folder": "remove folder",
  "folders/remove-from-folder": "remove from folder",
  "folders/rename-folder-prompt": "Rename folder to:",
  "folders/name-prompt": "Name of folder:",
  "folders/name-not-allowed": "Invalid folder name",
  "folders/confirm-backpack-folder": "Save entire folder to backpack?"
}
