{
  "forum-search/loading": "Loading...",
  "forum-search/error": "Error loading from ScratchDB!",
  "forum-search/none": "Your search returned no results",
  "forum-search/username": "Username:",
  "forum-search/posts-here": "User Posts Here",
  "forum-search/posts-sitewide": "User Posts Site-wide",
  "forum-search/first-checked": "First Checked:",
  "forum-search/last-checked": "Last Checked:",
  "forum-search/last-edited-by": "Last edited by {username} ({datetime})",
  "forum-search/placeholder": "Search posts on the entire Scratch Forums",
  "forum-search/search-topic": "Search posts in \"{topic}\"",
  "forum-search/search-cat": "Search posts in \"{cat}\"",
  "forum-search/relevance": "relevance",
  "forum-search/newest": "newest",
  "forum-search/oldest": "oldest"
}
