{"animated-thumb/set-thumbnail":"Scegli Icona","animated-thumb/added-by":"Pulsante aggiunto dall'estensione Scratch Addons","animated-thumb/description":"Carica un'anteprima da un file oppure clicca \"Usa Stage\" per usare lo Stage attuale come anteprima.","animated-thumb/keep-thumb":"Blocca auto-salvataggio anteprima (Raccomandato)","animated-thumb/keep-thumb-desc":"Questa opzione impedisce all'editor di sovrascrivere l'anteprima che hai caricato con il contenuto dello stage ogni volta che si salva il progetto.","animated-thumb/use-stage":"Usa Stage","animated-thumb/select-file":"Seleziona File","animated-thumb/close":"Chiudi","animated-thumb/successful":"L'anteprima è stata caricata.","animated-thumb/server-error":"L'anteprima non può essere caricata a causa di un errore del server di Scratch. Riprova tra un po'.","animated-thumb/error":"Impossibile caricare l'anteprima.","animated-thumb/too-big":"Il file è troppo grande.","animated-thumb/gif":"I progetti con anteprima animata non compaiono nella home page di Scratch e nei risultati delle ricerche. Vuoi procedere comunque con il caricamento?","animated-thumb/if-unsuccessful":"Se questa non è l'anteprima che hai caricato ora il server di Scratch potrebbe avere dei problemi. Attendi alcune ore e poi riprova.","animated-thumb/@name":"Scegli immagine del progetto","animated-thumb/@description":"Aggiunge un pulsante in fondo a destra nella pagina del progetto per modificare l'anteprima del progetto con qualunque immagine (incluse le gif)."}