{"animated-thumb/set-thumbnail":"Fijar Miniatura","animated-thumb/added-by":"Botón agregado por la extensión de navegador Scratch Addons","animated-thumb/description":"Suba una miniatura de un archivo, o haga click en \"Usar Escenario\" para usar el escenario actual como miniatura.","animated-thumb/keep-thumb":"Detener auto-guardado de miniatura (Recomendado)","animated-thumb/keep-thumb-desc":"Esto previene que el editor sobrescriba la miniatura subida con los contenidos del escenario al guardar el proyecto","animated-thumb/use-stage":"Usar Escenario","animated-thumb/select-file":"Elegir Archivo","animated-thumb/close":"Cerrar","animated-thumb/successful":"La miniatura fue subida.","animated-thumb/server-error":"La miniatura no pudo ser subida debido a un error del servidor de Scratch. Por favor intente más tarde.","animated-thumb/error":"La miniatura no pudo ser subida.","animated-thumb/too-big":"El archivo es demasiado grande.","animated-thumb/gif":"Los proyectos con una miniatura animada podrían no aparecer en la página principal de Scratch y en los resultados de búsquedas. ¿Subir de todas formas?","animated-thumb/if-unsuccessful":"Si esta no es la miniatura que acaba de subir, el servidor de Scratch podría estar teniendo un problema. Por favor espere unas horas y pruebe de nuevo.","animated-thumb/@name":"Fijador de miniatura","animated-thumb/@description":"Agrega un botón abajo a la derecha de la página de proyecto para fijar la miniatura de tu proyecto a cualquier imagen (incluidos gifs)."}