{"better-img-uploads/upload":"Subida HD","better-img-uploads/@name":"Subida de imágenes HD","better-img-uploads/@description":"Agrega un nuevo botón arriba del botón \"subir disfraz\" que automáticamente convierte imágenes bitmap subidas a imágenes SVG (vector) para evitar perder calidad.","better-img-uploads/@info-notSuitableEdit":"Evite usar el botón de subida HD si tiene planeado editar la imagen luego de subirla.","better-img-uploads/@settings-name-fitting":"Tamaño de imagen","better-img-uploads/@settings-select-fitting-full":"Tamaño original","better-img-uploads/@settings-select-fitting-fill":"Estirar para llenar escenario","better-img-uploads/@settings-select-fitting-fit":"Achicar para encajar en escenario"}