{"block-cherry-picking/@name":"Agarrar un único bloque con tecla Ctrl","block-cherry-picking/@description":"Le permite arrastrar un único bloque del medio de un script (en vez de toda la pila adjunta debajo) mientras mantenga la tecla Ctrl.","block-cherry-picking/@info-macContextDisabled":"En macOS, use la tecla Cmd en vez de Ctrl.","block-cherry-picking/@info-flipControls":"Si \"revertir controles\" está activado, agarrar bloques individualmente será el comportamiento predeterminado. Mantenga Ctrl para arrastrar la pila completa.","block-cherry-picking/@settings-name-invertDrag":"Revertir controles"}