{"dark-www/@name":"Modo oscuro de la web y colores personalizados","dark-www/@description":"Personaliza los colores usados por el sitio web de Scratch. Múltiples opciones por diferentes autores disponibles. Si no quiere un modo oscuro pero quiere cambiar los colores predeterminados, elija el preset \"colores predeterminados de Scratch\" y luego cambie los ajustes.","dark-www/@update":"Ahora puede personalizar completamente la apariencia del sitio web de Scratch.","dark-www/@preset-description-experimentalDark":"Un modo oscuro basado en un userstyle creado por Maximouse. No es experimental","dark-www/@preset-description-darkWww":"Un modo oscuro por Ucrash","dark-www/@preset-name-scratch":"Colores predeterminados de Scratch","dark-www/@preset-description-scratch":"Los colores usados normalmente por Scratch","dark-www/@settings-name-page":"Fondo de página","dark-www/@settings-name-navbar":"Fondo de barra de navegación","dark-www/@settings-name-box":"Fondo de contenido","dark-www/@settings-name-gray":"Fondo gris","dark-www/@settings-name-blue":"Fondo azul","dark-www/@settings-name-input":"Fondo de entradas","dark-www/@settings-name-button":"Color de destacado","dark-www/@settings-name-link":"Color de enlaces","dark-www/@settings-name-footer":"Color del footer","dark-www/@settings-name-border":"Color del borde","dark-www/@settings-name-darkBanners":"Áreas coloridas","dark-www/@settings-select-darkBanners-off":"Predeterminado","dark-www/@settings-select-darkBanners-darker":"Oscuro","dark-www/@settings-select-darkBanners-desaturated":"Oscuro y desaturado","dark-www/@settings-name-darkScrollbars":"Barras de desplazamiento oscuras","dark-www/@settings-name-darkForumCode":"Bloques de código oscuros en los foros"}