{"debugger/debug":"Depurar","debugger/export":"Exportar","debugger/clear":"Vaciar","debugger/close":"Cerrar","debugger/step":"Paso","debugger/thread":"Hilo {id}","debugger/enter-format":"Ingrese formato de exportación:","debugger/unpause":"Continuar","debugger/unknown-sprite":"(objeto desconocido)","debugger/clone-of":"Clon de {sprite}","debugger/icon-warn":"Advertencia","debugger/empty-string":"(string vacío)","debugger/export-desc":"Haga click mientras mantiene Shift para personalizar el formato de exportación.","debugger/block-log":"loguear","debugger/block-warn":"advertir %s","debugger/cannot-pause-player":"El bloque breakpoint solo se puede usar mientras esté en el editor.","debugger/step-desc":"Ejecuta un bloque.","debugger/tab-threads":"Hilos","debugger/tab-performance":"Rendimiento","debugger/no-logs":"No hay logs para mostrar.","debugger/no-threads-running":"No hay hilos ejecutándose.","debugger/log-msg-flag-clicked":"Bandera verde clickeada.","debugger/log-msg-clone-cap":"No se pudo crear clon de '{sprite}', no se pueden crear más de 300 clones.","debugger/log-msg-clone-created":"Se creo un clon de '{sprite}'.","debugger/log-msg-broadcasted":"Mensaje enviado '{broadcast}'.","debugger/log-msg-list-append-too-long":"No se pudo agregar a lista '{list}', no se pueden agregar más de 200.000 items.","debugger/log-msg-list-insert-too-long":"Item 200.000 quitado de la lista '{list}' para hacer espacio para la inserción, no se pueden agregar más de 200.000 items.","debugger/log-cloud-data-nan":"No se pudo fijar variable en la nube '{var}'. Las variables en la nube solo pueden contener números.","debugger/log-cloud-data-too-long":"No se pudo fijar variable en la nube '{var}'. Las variables en la nube solo pueden contener un máximo de 256 dígitos.","debugger/@name":"Depurador","debugger/@description":"Agrega una ventana nueva \"depurador\" al editor. Le permite loguear mensajes a la pestaña \"Logs\" de la ventana del depurador usando los bloques \"log\", \"warn\" y \"error\". El bloque \"breakpoint\" pausará el proyecto cuando se ejecute. Todos los hilos en ejecución pueden ser vistos en la pestaña \"Hilos\" del depurador y al pausarse el botón \"Paso\" puede ser usado para ejecutar el siguiente bloque. Un gráfico de fotogramas por segundo y número de clones puede ser visto en la pestaña \"Rendimiento\".","debugger/@update":"Nuevas pestañas \"Hilos\" y \"Rendimiento\" en la ventana del depurador.","debugger/@settings-name-log_clear_greenflag":"Borrar logs al tocar bandera verde","debugger/@settings-name-log_greenflag":"Loguear clicks a bandera verde","debugger/@settings-name-log_clone_create":"Loguear creación de clones","debugger/@settings-name-log_failed_clone_creation":"Loguear máximo de clones excedido","debugger/@settings-name-log_broadcasts":"Loguear mensajes enviados","debugger/@settings-name-log_max_list_length":"Loguear máximo de longitud de lista excedido","debugger/@settings-name-log_invalid_cloud_data":"Loguear valores inválidos de variables en la nube"}