{"discuss-button/@name":"Barra de navegación personalizada","discuss-button/@description":"Elija una lista de enlaces para mostrar en la barra de navegación","discuss-button/@settings-name-items":"elementos","discuss-button/@settings-name-items-name":"Nombre","discuss-button/@settings-default-items-0-name":"Crear","discuss-button/@settings-default-items-1-name":"Explorar","discuss-button/@settings-default-items-3-name":"Acerca de","discuss-button/@preset-items-0":"Crear","discuss-button/@preset-value-items-0-name":"Crear","discuss-button/@preset-items-1":"Explorar","discuss-button/@preset-value-items-1-name":"Explorar","discuss-button/@preset-items-3":"Acerca de","discuss-button/@preset-value-items-3-name":"Acerca de","discuss-button/@preset-items-4":"Debatir","discuss-button/@preset-value-items-4-name":"Debatir"}