{"editor-comment-previews/@name":"Previsualización de comentarios del editor","editor-comment-previews/@description":"Le permite previsualizar los contenidos de comentarios al poner el cursor sobre comentarios encogidos y bloques. Puede usar esto para ver comentarios que están fuera de la pantalla, identificar un bloque bucle desde el final por su previsualización, meter muchos comentarios en un lugar pequeño y más.","editor-comment-previews/@settings-name-hover-view":"Poner el cursor sobre comentarios encogidos para previsualizar","editor-comment-previews/@settings-name-hover-view-block":"Poner cursor sobre bloques para previsualizar comentarios enganchados","editor-comment-previews/@settings-name-hover-view-procedure":"Poner cursor sobre bloques personalizados para previsualizar comentarios en su definición","editor-comment-previews/@settings-name-delay":"Tiempo de retardo","editor-comment-previews/@settings-select-delay-none":"Ninguno","editor-comment-previews/@settings-select-delay-short":"Corto","editor-comment-previews/@settings-select-delay-long":"Largo","editor-comment-previews/@settings-name-follow-mouse":"Seguir cursor","editor-comment-previews/@settings-name-reduce-transparency":"Reducir transparencia","editor-comment-previews/@settings-name-reduce-animation":"Reducir animación"}