{"editor-devtools/help-title":"Herramientas de Desarrollador de Scratch 3","editor-devtools/help-by":"por {url} y contribuidores y traductores de Scratch Addons","editor-devtools/ctrl-space":"Ctrl + Espacio, Click medio o Shift + Click","editor-devtools/ctrl-space-desc":"Pone una ventana flotante donde puedes escribir el nombre de un bloque (o partes de él) y arrastrar el bloque al código para usarlo allí. Deje apretado Shift mientras arrastra para evitar cerrar la ventana al agregar muchos bloques al mismo tiempo.","editor-devtools/code-tab-features":"Funciones de la Pestaña de Código","editor-devtools/interactive-find-bar":"Barra de Búsqueda Interactiva (Ctrl + F)","editor-devtools/interactive-find-bar-desc":"Rápidamente busque y salte a cualquier bloque propio, variable, evento o bloque sombrero definido en un objeto clickeando en la nueva barra de búsqueda ubicada a la derecha de las pestañas de Código, Disfraces y Sonidos. Empiece a escribir para filtrar la lista. Use las teclas arriba y abajo para cambiar entre las posibles entradas y las flechas izquierda y derecha para revisar cada resultado de ese bloque.","editor-devtools/improved-tidy-up":"Ordenado de Bloques Mejorado","editor-devtools/improved-tidy-up-desc":"Haga click derecho en el área de código para mostrar el menú y la opción de ordenar bloques será reemplazada por una opción de \"Ordenar Bloques +\". Use esto para ordenar sus scripts, preservando las columnas como también intentando alinear los comentarios y quitar todas las variables huérfanas, etc.","editor-devtools/help-new":"★Nuevo★","editor-devtools/help-make-space":"Hacer Espacio","editor-devtools/help-make-space-desc":"Haga espacio extra alrededor de un script haciéndole click derecho y eligiendo \"Hacer Espacio\".","editor-devtools/copy-to-clipboard":"Copiar al Portapapeles","editor-devtools/copy-to-clipboard-desc":"Haga click derecho a un bloque y 3 nuevas opciones estarán disponisbles: Copiar Todos, Copiar Bloque y Cortar Bloque. El botón Copiar Todos copiará todo incluido abajo del bloque que clickeaste. Copiar Bloque solo copiará el bloque actual y sus contenidos, pero nada de abajo. Cortar Bloque lo copiará y lo eliminará del área de código.","editor-devtools/paste-from-clipboard":"Pegar del Portapapeles","editor-devtools/paste-from-clipboard-desc":"Pega del portapapeles, pero lo pega donde está su cursor del ratón para que puedas posicionarlo (en vez de ponerlo donde lo copió, como la implementación actual de Scratch).","editor-devtools/swap-variable":"Intercambiar Variable en Objeto","editor-devtools/swap-variable-desc":"Haga click derecho a una variable en la parte de código para esta nueva opción. Te permite intercambiar todas las referencias a esta variable en el objeto actual a otra variable. Esto es bueno para cuando cometió un error y quiere cambiar todas las referencias a una variable a otra o tiene que cambiar \"para todos los objetos\" a \"solo para este objeto\". Esta opción no quitará la variable antigua y no afectará las variables de otros objetos.","editor-devtools/middleclick":"Saltar a","editor-devtools/middleclick-desc":"Usando el botón del medio del ratón o Shift + Click en una variable o bloque propio, puedes saltar a su definición o abrirlo en la barra de búsqueda interactiva.","editor-devtools/ctrl-lr":"Ctrl + Izquierda, Ctrl + Derecha","editor-devtools/ctrl-lr-desc":"Navegue a la posición siguiente o anterior del área de código (luego de usar la función \"navegar a bloque\" o la barra de búsqueda). Esto le permite hacer click medio en un bloque propio para ir a su definición, luego presione Ctrl + Izquierda para volver donde estaba antes.","editor-devtools/costume-tab-features":"Funciones de la Pestaña de Disfraces","editor-devtools/find-bar":"Barra de Búsqueda","editor-devtools/find-bar-costume-desc":"Haga click para listar todos los disfraces por nombre, y escriba para encontrar uno solo. Use las flechas o el ratón para clickear un nombre e ir directamente a ese disfraz.","editor-devtools/ctrl-lr-costume-desc":"Estas flechas le permiten navegar al anterior o próximo disfraz del objeto.","editor-devtools/youtube":"Tutoriales en YouTube","editor-devtools/orphaned":"{count, plural, one {Herramientas de desarrollador: ¿borrar 1 bloque reportero huérfano?} other {Herramientas de desarrollador: ¿borrar # bloques reporteros huérfanos?} }","editor-devtools/unused-var":"{count, plural, one {Herramientas de desarrollador: ¿borrar 1 variable local sin usar? Estas son:\n} other {Herramientas de desarrollador: ¿borrar # variables locales sin usar? Estas son:\n} }","editor-devtools/unused-list":"{count, plural, one {Herramientas de desarrollador: ¿borrar 1 lista local sin usar? Esta es:\n} other {Herramientas de desarrollador: ¿borrar # listas locales sin usar? Estas son:\n} }","editor-devtools/var-not-exist":"Esa variable no existe..","editor-devtools/find":"Buscar","editor-devtools/find-placeholder":"Buscar (Ctrl+F)","editor-devtools/deep":"Profundo","editor-devtools/help":"Ayuda","editor-devtools/tutorials":"Tutoriales","editor-devtools/replace":"Herramientas de desarrollador: cambiar todos los {name} en este objeto por la variable llamada:","editor-devtools/top":"enviar arriba","editor-devtools/bottom":"enviar abajo","editor-devtools/clean-plus":"Ordenar Bloques +","editor-devtools/paste":"Pegar","editor-devtools/copy-all":"Copiar Todos","editor-devtools/copy-block":"Copiar Bloque","editor-devtools/cut-block":"Cortar Bloque","editor-devtools/make-space":"Hacer Espacio","editor-devtools/swap":"Intercambiar Variable {var} en Objeto","editor-devtools/lists":"listas","editor-devtools/insert":"Insertar","editor-devtools/start-typing":"Empiece a escribir...","editor-devtools/extension-description-not-for-addon":"Herramientas de Desarrollador de Scratch 3 para mejorar su experiencia editando en https://scratch.mit.edu","editor-devtools/@name":"Herramientas de desarrollador","editor-devtools/@description":"Agrega una barra de búsqueda y nuevas opciones de menú para el editor: copie y pegue bloques, ordene de mejor manera, vaya directamente a la definición de un bloque propio y más.","editor-devtools/@info-shortcuts":"Presione \"Ctrl+F\" para enfocar la barra de búsqueda, \"Ctrl+Espacio\" para abrir la ventana flotante de \"encontrar bloque por nombre\", \"Ctrl+Izquierda/Derecha\" para navegar el historial de búsqueda.","editor-devtools/@settings-name-enableCleanUpPlus":"Mejorar \"Ordenar Bloques\"","editor-devtools/@settings-name-enablePasteBlocksAtMouse":"Pegar bloques en la posición del cursor","editor-devtools/@settings-name-enableMiddleClickFinder":"Click medio del mouse en variables, bloques personalizados o eventos para navegar"}