{"editor-searchable-dropdowns/createGlobalVariable":"Crear variable \"{name}\" para todos los objetos","editor-searchable-dropdowns/createLocalVariable":"Crear variable \"{name}\" solo para este objeto","editor-searchable-dropdowns/createGlobalList":"Crear lista \"{name}\" para todos los objetos","editor-searchable-dropdowns/createLocalList":"Crear lista \"{name}\" solo para este objeto","editor-searchable-dropdowns/createBroadcast":"Crear mensaje \"{name}\"","editor-searchable-dropdowns/@name":"Búsqueda en menús ","editor-searchable-dropdowns/@description":"Le permite buscar en bloques que tienen menús."}