{"editor-theme3/@name":"Colores de bloques personalizables","editor-theme3/@description":"Edite los colores para cada categoría de bloques del editor.","editor-theme3/@update":"Nuevo ajuste para activar el cambio de color de los bloques en los foros.","editor-theme3/@preset-name-tweaks":"3.0 Mejorado","editor-theme3/@preset-description-tweaks":"Usa colores inspirados en 2.0 en las categorías Eventos, Control y Mis bloques. ","editor-theme3/@preset-name-original":"Colores de 2.0","editor-theme3/@preset-description-original":"Los colores originales de Scratch 2.0","editor-theme3/@preset-name-dark":"Oscuro","editor-theme3/@preset-description-dark":"Versiones oscuras de colores predeterminados","editor-theme3/@preset-name-black":"Negro","editor-theme3/@preset-description-black":"Hace negros los fondos de los bloques","editor-theme3/@settings-name-motion-color":"movimiento","editor-theme3/@settings-name-looks-color":"apariencia","editor-theme3/@settings-name-sounds-color":"sonidos","editor-theme3/@settings-name-events-color":"eventos","editor-theme3/@settings-name-sensing-color":"sensores","editor-theme3/@settings-name-operators-color":"operadores","editor-theme3/@settings-name-data-lists-color":"listas","editor-theme3/@settings-name-custom-color":"personalizado","editor-theme3/@settings-name-Pen-color":"extensiones","editor-theme3/@settings-name-sa-color":"Bloques de Scratch Addons","editor-theme3/@settings-name-input-color":"Campos de bloques","editor-theme3/@settings-name-text":"Color del texto","editor-theme3/@settings-select-text-white":"Blanco","editor-theme3/@settings-select-text-black":"Negro","editor-theme3/@settings-select-text-colorOnWhite":"Con color en fondo blanco","editor-theme3/@settings-select-text-colorOnBlack":"Con color en fondo negro","editor-theme3/@settings-name-forums":"Cambiar el color de los bloques en los foros"}