{"fix-editor-comments/@name":"Mejores comentarios en editor","fix-editor-comments/@description":"Realiza varios cambios a los comentarios en el editor de Scratch: arregla un bug donde los comentarios enganchados a bloques no guardan sus posiciones correctamente luego de arrastrar, previene que los comentarios se creen fuera de la pantalla en scripts grandes, mantiene las conexiones a comentarios rectas y más.","fix-editor-comments/@settings-name-fix-drag":"Arreglar arrastrado de bloques con comentarios","fix-editor-comments/@settings-name-scroll":"Agregar barras de desplazamiento a comentarios cortados","fix-editor-comments/@settings-name-standalone-edit":"Editar directamente comentarios sueltos","fix-editor-comments/@settings-name-leash":"Siempre mover comentarios al lado del bloque al crearlos","fix-editor-comments/@settings-name-straighten":"Mantener conexiones a comentarios rectas"}