{"folders/open-folder":"Abierta","folders/closed-folder":"Carpeta","folders/create-folder":"crear carpeta","folders/add-to-folder":"agregar a carpeta: {folder}","folders/rename-folder":"renombrar carpeta","folders/remove-folder":"quitar carpeta","folders/remove-from-folder":"quitar de carpeta","folders/rename-folder-prompt":"Renombrar carpeta a:","folders/name-prompt":"Nombre de carpeta:","folders/name-not-allowed":"Nombre de carpeta inválido","folders/confirm-backpack-folder":"¿Guardar carpeta entera en la mochila?","folders/@name":"Carpetas de objetos","folders/@description":"Agrega carpetas a listas de objetos, como también a las listas de disfraces y sonidos. Para crear una carpeta, haga click derecho en un objeto y seleccione \"crear carpeta\". Haga click en una carpeta para abrirla o cerrarla. Haga click derecho en un objeto para ver a qué carpetas lo puede mover, o alternativamente arrastre y suelte a una carpeta abierta.","folders/@info-notice-folders-are-public":"Usuarios con esta función activada podrán ver las carpetas en su proyecto. Cualquier otra persona verá las listas de objetos normalmente (sin carpetas)","folders/@info-notice-sprite-names":"Esta función agrega \"[nombreDeLaCarpeta]//\" al principio del nombre de tus objetos."}