{"full-signature/load-more":"Cargar más","full-signature/@name":"Áreas completas","full-signature/@description":"Muestra los contenidos completos de áreas con altura limitada, como las firmas de los usuarios en los foros y Lo que he estado haciendo en perfiles, haciendo estas áreas redimensionables o desplazables.","full-signature/@settings-name-whatworkingon":"Permitir desplazarse en \"Lo que he estado haciendo\"","full-signature/@settings-name-whathappen":"Permitir desplazarse en \"'¿Qué está pasando?\"","full-signature/@settings-name-signature":"Permitir desplazarse en firmas en el foro","full-signature/@settings-name-blocks":"Permitir desplazarse en Scratchblocks de los foros"}