{"hide-project-stats/@name":"Esconder estadísticas de proyectos","hide-project-stats/@description":"Le permite esconder contadores de likes, favoritos, reinvenciones y visitas en la página principal y las páginas de proyectos.","hide-project-stats/@settings-name-loves":"Esconder contador de likes","hide-project-stats/@settings-name-favorites":"Esconder contador de favoritos","hide-project-stats/@settings-name-remixes":"Esconder contador de reinvenciones","hide-project-stats/@settings-name-views":"Esconder contador de visitas","hide-project-stats/@settings-name-lovesFront":"Esconder contador de likes en \"Lo que a la comunidad esta amando\"","hide-project-stats/@settings-name-remixesFront":"Esconder contador de reinvenciones en \"Lo que la comunidad reinventa\""}