{"hide-flyout/@name":"Ocultar paleta de bloques automáticamente","hide-flyout/@description":"Oculta la paleta de bloques si el cursor no esta arriba de ella. Haga click en el icono de candado para mantenerlo en el lugar temporalmente. Alternativamente, use el modo \"click en categoría\".","hide-flyout/@info-hoverExplanation":"El modo \"cursor sobre área de paleta\" solo extiende el área de visión. Si quiere poder arrastrar bloques a este área sin que se tiren a la basura, use alguno de los otros modos.","hide-flyout/@settings-name-toggle":"Activar/desactivar en...","hide-flyout/@settings-select-toggle-hover":"Cursor sobre área de paleta","hide-flyout/@settings-select-toggle-cathover":"Cursor sobre categoría","hide-flyout/@settings-select-toggle-category":"Click en categoría","hide-flyout/@settings-name-speed":"Duración de animación","hide-flyout/@settings-select-speed-none":"Ninguna","hide-flyout/@settings-select-speed-short":"Corta","hide-flyout/@settings-select-speed-default":"Por defecto","hide-flyout/@settings-select-speed-long":"Larga"}