{"items-per-row/@name":"Más elementos por fila","items-per-row/@description":"Le permite cambiar el número de items mostrados en una sola fila en una cuadrícula de proyectos, estudios o usuarios.","items-per-row/@settings-name-search":"Explorar y búsqueda","items-per-row/@settings-name-studioProjects":"Proyectos en estudios","items-per-row/@settings-name-studioCurators":"Curadores de estudio","items-per-row/@settings-name-projects":"Reinvenciones de proyectos, proyectos compartidos y favoritos","items-per-row/@settings-name-studios":"Estudios de proyectos, estudios que sigo y curo","items-per-row/@settings-name-users":"Seguidos y seguidores de usuarios"}