{"live-featured-project/change-featured":"Cambiar proyecto destacado","live-featured-project/@name":"Proyecto destacado en vivo","live-featured-project/@description":"Muestra un proyecto destacado interactivo directamente en el perfil del usuario. Basado en la implementation de Mega Scratch Userscript.","live-featured-project/@credits-remake":"versión nueva","live-featured-project/@settings-name-showMenu":"Mostrar menú del proyecto (barra superior)","live-featured-project/@settings-name-alternativePlayer":"Reproductor alternativo","live-featured-project/@settings-select-alternativePlayer-none":"Ninguno","live-featured-project/@settings-name-autoPlay":"Reproducir automáticamente (para reproductores alternativos)","live-featured-project/@settings-name-forceAlternative":"Forzar uso de reproductor alternativo","live-featured-project/@settings-name-enableTWAddons":"Activar addons de TurboWarp"}