{"message-filters/messages":"Mostrar mensajes de:","message-filters/studio":"Actividades en estudios","message-filters/comment":"Comentarios","message-filters/favorite":"Favoritos","message-filters/love":"Likes","message-filters/remix":"Reinvenciones","message-filters/follow":"Seguidores","message-filters/invite":"Invitaciones a estudios","message-filters/forum":"Actividad en el foro","message-filters/promotion":"Promociones en estudios","message-filters/@name":"Filtros de mensajes","message-filters/@description":"Le permite seleccionar qué tipos de mensajes ocultar o mostrar en la página de mensajes de Scratch.","message-filters/@info-nomessagecount":"Esto no cambia su número de mensajes sin leer. Simplemente le permite esconder ciertos tipos de mensajes en la página de mensajes de Scratch."}