{"msg-count-badge/@name":"Número de mensajes en ícono de la extensión","msg-count-badge/@description":"Agrega el número actual de mensajes en el ícono de Scratch Addons.","msg-count-badge/@preset-name-oldLightGreen":"Verde claro antiguo","msg-count-badge/@preset-description-oldLightGreen":"El color original de Scratch Messaging Extension.","msg-count-badge/@preset-name-blue":"Azul","msg-count-badge/@preset-name-black":"Negro","msg-count-badge/@preset-name-orange":"Naranja","msg-count-badge/@preset-description-orange":"El mismo color que el logo de Scratch Addons.","msg-count-badge/@settings-name-color":"Color de fondo","msg-count-badge/@settings-name-showOffline":"Indicar cuando no hay una sesión iniciada"}