{"my-ocular/status-hover":"Este es un estado personalizado de ocular, mostrado con Scratch Addons. Puede fijar el suyo en https://ocular.jeffalo.net/dashboard.","my-ocular/view-on-ocular":"Ver esta publicación en ocular","my-ocular/add-reaction":"Reaccionar a esta publicación usando ocular","my-ocular/@name":"Integración con ocular","my-ocular/@description":"Muestra estados ocular y reacciones a publicaciones de los foros. Usa my-ocular.jeffalo.net para obtener información.","my-ocular/@settings-name-profile":"Mostrar estados en perfiles","my-ocular/@settings-name-discuss":"Mostrar estados en foros","my-ocular/@settings-name-reactions":"Mostrar botones de reacción y enlace \"ver en ocular\""}