{"paint-by-default/@name":"Pintar disfraz por defecto","paint-by-default/@description":"Cambia la acción por defecto de los botones \"Elegir un objeto/disfraz/fondo/sonido\", que abren la biblioteca por defecto.","paint-by-default/@settings-name-sprite":"Agregar objeto","paint-by-default/@settings-select-sprite-library":"Biblioteca","paint-by-default/@settings-select-sprite-paint":"Pintar","paint-by-default/@settings-select-sprite-surprise":"Sorpresa","paint-by-default/@settings-select-sprite-upload":"Subir","paint-by-default/@settings-name-costume":"Agregar disfraz","paint-by-default/@settings-select-costume-library":"Biblioteca","paint-by-default/@settings-select-costume-paint":"Pintar","paint-by-default/@settings-select-costume-surprise":"Sorpresa","paint-by-default/@settings-select-costume-upload":"Subir","paint-by-default/@settings-name-backdrop":"Agregar fondo","paint-by-default/@settings-select-backdrop-library":"Biblioteca","paint-by-default/@settings-select-backdrop-paint":"Pintar","paint-by-default/@settings-select-backdrop-surprise":"Sorpresa","paint-by-default/@settings-select-backdrop-upload":"Subir","paint-by-default/@settings-name-sound":"Agregar sonido","paint-by-default/@settings-select-sound-library":"Biblioteca","paint-by-default/@settings-select-sound-record":"Grabar","paint-by-default/@settings-select-sound-surprise":"Sorpresa","paint-by-default/@settings-select-sound-upload":"Subir"}