{"scratch-messaging/send-error":"Error al enviar comentario","scratch-messaging/deleting":"Borrando comentario...","scratch-messaging/delete-error":"Error borrando comentario - tal vez no tengas permiso de hacer esto.","scratch-messaging/deleted":"[borrado]","scratch-messaging/popup-title":"Scratch Addons - Mensajes","scratch-messaging/open-new-tab":"Abrir comentario en nueva pestaña","scratch-messaging/delete":"Borrar","scratch-messaging/delete-confirm":"Clickear para confirmar borrado","scratch-messaging/reply":"Responder","scratch-messaging/posting":"Enviando...","scratch-messaging/post":"Enviar","scratch-messaging/cancel":"Cancelar","scratch-messaging/dismiss":"Descartar","scratch-messaging/chars-left":"{num, plural, one {1 carácter restante} other {# caracteres restantes}}","scratch-messaging/follows":"Seguidores nuevos","scratch-messaging/stMessages":"Mensajes del Equipo de Scratch","scratch-messaging/stMessagesConfirm":"¿Está seguro de que quiere descartar este mensaje del Equipo de Scratch? No se puede recuperar.","scratch-messaging/studio-invites":"Invitaciones a estudios","scratch-messaging/curate-invite":"{actor} le invitó a curar {title}","scratch-messaging/forum":"Actividad en el foro","scratch-messaging/forum-new-post":"Hay nuevas publicaciones en el hilo del foro {title}","scratch-messaging/studio-activity":"Actividades en estudios","scratch-messaging/new-activity":"Hubo nueva actividad en {title}","scratch-messaging/remixes":"Reinvenciones","scratch-messaging/remix-as":"{actor} reinventó su proyecto \"{parentTitle}\" como \"{title}\"","scratch-messaging/your-profile":"Tu perfil","scratch-messaging/others-profile":"Perfil de {username}","scratch-messaging/studio":"Estudio: {title}","scratch-messaging/loading":"Cargando mensajes...","scratch-messaging/server-error":"No se puede acceder al servidor, intente de nuevo más tarde.","scratch-messaging/network-error":"No se puede acceder al servidor, por favor revise su conexión a internet.","scratch-messaging/logged-out":"No se pudieron acceder a los mensajes, inicie sesión en Scratch.","scratch-messaging/unknown-fatal-error":"Un error ocurrió al cargar.","scratch-messaging/report-bug":"Por favor repórtenos este código de error:","scratch-messaging/copy":"Copiar","scratch-messaging/settings":"configuración de Scratch Addons","scratch-messaging/loading-comments":"Cargando comentarios...","scratch-messaging/reload":"Actualizar mensajes","scratch-messaging/no-unread":"No hay mensajes sin leer","scratch-messaging/show-more":"Mostrar más mensajes","scratch-messaging/mark-as-read":"Marcar mensajes como leídos","scratch-messaging/marked-as-read":"Marcados como leídos","scratch-messaging/open-messages":"Abrir página de mensajes","scratch-messaging/studio-promotions":"Promociones en estudios","scratch-messaging/studio-promotion":"{actor} lo promovió a manager en el estudio {title}","scratch-messaging/comment-error-empty":"No puedes publicar un comentario vacío.","scratch-messaging/comment-error-ratelimit":"Está comentando muy rápido. Por favor espere más entre comentarios.","scratch-messaging/comment-error-filterbot-generic":"El filterbot de Scratch bloqueó su comentario por violar las Reglas de la Comunidad.","scratch-messaging/comment-error-filterbot-chat":"El filterbot de Scratch bloqueó su comentario por mencionar sitios web con chat o redes sociales.","scratch-messaging/comment-error-filterbot-spam":"El filterbot de Scratch bloqueó su comentario por hacer spam.","scratch-messaging/comment-error-down":"El servidor de Scratch está teniendo un problema. Intente de nuevo más tarde.","scratch-messaging/comment-mute":"El filterbot de Scratch bloqueó su comentario por violar las Reglas de la Comunidad.","scratch-messaging/comment-cannot-post-for":"{mins, plural, one {No puede publicar comentarios por 1 minuto.} other {No puede publicar comentarios por # minutos.}}","scratch-messaging/comment-error-reply-limit":"Los comentarios en estudios ya no pueden tener más de 25 respuestas.","scratch-messaging/studio-host-transfers":"Transferencias de host en estudios","scratch-messaging/studio-host-transfer":"{actor} le hizo host del estudio \"{title}\"","scratch-messaging/st":"Un miembro del Equipo de Scratch","scratch-messaging/@description":"Disponible al clickear el ícono de Scratch Addons. Provee fácil lectura y respuesta a tus mensajes: agrupa los mensajes por proyecto, muestra todo el contenido de los comentarios y permite responder a ellos directamente.","scratch-messaging/@popup-name":"Mensajes"}