{"scratchstats/title":"Estadisticas","scratchstats/view-more":"Ver en ScratchStats.com","scratchstats/loading":"Cargando...","scratchstats/followers":"seguidores","scratchstats/most-followed-global":"más seguido en Scratch","scratchstats/most-followed-location":"más seguido por ubicación","scratchstats/most-loves":"más likes","scratchstats/most-favorites":"más favoritos","scratchstats/most-views":"más visitas","scratchstats/err":"No se pudieron cargar las estadísticas.","scratchstats/followers-title":"Seguidores a través del tiempo","scratchstats/@name":"Estadísticas en perfiles","scratchstats/@description":"Muestra estadísticas de ScratchDB en los perfiles."}