{"search-my-stuff/project-placeholder":"Buscar proyectos","search-my-stuff/studio-placeholder":"Buscar estudios","search-my-stuff/trash-placeholder":"Buscar en la papelera","search-my-stuff/search-by":"Buscar Por","search-my-stuff/progress-header":"Buscando...","search-my-stuff/progress-tip":"{number, plural, one {1 elemento buscado hasta el momento.} other {# elementos buscados hasta el momento.}}","search-my-stuff/load-more-header":"Eso es todo lo que encontramos hasta el momento","search-my-stuff/load-more-tip":"Si no encontró lo que estaba buscando, prueba cargar más o cambiar el valor del menú Buscar Por para buscar diferentes conjuntos de proyectos.\nSi está obteniendo muchos resultados no deseados, pruebe hacer su búsqueda mas específica.","search-my-stuff/end-header":"Esto es todo lo que encontramos para su busqueda.","search-my-stuff/end-tip":"Si no encontró lo que estaba buscando, revise si hay errores de tipografía o cambie las palabras de la búsqueda.","search-my-stuff/no-results-header":"No pudimos encontrar ningún resultado para su búsqueda.","search-my-stuff/no-results-tip":"Revise si hay errores de ortografía o cambie las palabras de la búsqueda.","search-my-stuff/@name":"Barra de búsqueda en Mis Cosas","search-my-stuff/@description":"Le permite buscar sus proyectos, estudios y la papelera en la página de Mis Cosas. Simplemente empiece a escribir en la página para empezar una búsqueda. También puede usar Ctrl+Enter después de buscar para abrir el primer resultado rápidamente.","search-my-stuff/@info-pleaseBePatient":"Si tiene muchos proyectos o estudios, la búsqueda puede tardar un tiempo"}