{"studio-followers/modal-title":"Invitar seguidores a estudio","studio-followers/button":"Navegar Seguidores","studio-followers/fetch-error":"Hmm, parece que no tiene permitido hacer eso. Asegúrese de tener una sesión iniciada.","studio-followers/followers":"Seguidores","studio-followers/following":"Seguidos","studio-followers/@name":"Botón de navegar seguidores en estudios","studio-followers/@description":"Agrega un botón en la cima de la pestaña \"curadores\" de los estudios en los que sea manager, que lista sus usuarios seguidores y seguidos y le permite invitar a un usuario mostrado con un solo click."}