{"studio-tools/promote-new":"Promover Curadores","studio-tools/remove-new":"Quitar Curadores","studio-tools/leave":"Abandonar","studio-tools/leave-new":"Abandonar Estudio","studio-tools/promote-btn":"Promover","studio-tools/remove-btn":"Quitar","studio-tools/owner-error":"Eres el dueño de este estudio.","studio-tools/leave-confirm":"¿Estás seguro de que quieres abandonar este estudio?","studio-tools/added-by":"Botón agregado por la extensión de navegador Scratch Addons","studio-tools/invalid-username":"El nombre de usuario no es válido.","studio-tools/not-curator":"Este usuario no es un curador.","studio-tools/401":"Hmm, parece que no tiene permitido hacer eso. Asegúrese de tener una sesión iniciada.","studio-tools/server-down":"Parece que el servidor de Scratch está caído.","studio-tools/unknown-error":"Algo anduvo mal, intente de nuevo.","studio-tools/promoted":"{username} fue promovido.","studio-tools/removed":"{username} fue quitado del estudio.","studio-tools/max-managers-reached":"Este estudio ha superado el límite de {max} managers","studio-tools/too-many-managers":"Tiene que sacar algunos managers antes de promover a este usuario.","studio-tools/@name":"Herramientas en estudios","studio-tools/@description":"Le permite a los managers fácilmente promover curadores o quitar a cualquiera del estudio en la pestaña \"curadores\" y agrega la posibilidad de abandonar un estudio usando un botón debajo de \"Seguir Estudio\".","studio-tools/@settings-name-mystufftools":"Agregar botón \"abandonar\" en la sección estudios de \"Mis Cosas\""}