{"swap-local-global/to-local":"Convertir a \"Solo para este objeto\"","swap-local-global/to-global":"Convertir a \"Para todos los objetos\"","swap-local-global/cant-convert-to-local":"No se pudo convertir porque es usado por múltiples objetos: {sprites}","swap-local-global/cant-convert-cloud":"Variables en la nube no pueden ser convertidas a solo para este objeto","swap-local-global/cant-convert-stage":"El escenario no puede tener variables solo para este objeto.","swap-local-global/cant-convert-conflict":"No se pudo convertir porque entraría en conflicto con variables en otro objeto: {sprites}","swap-local-global/cant-convert-used-elsewhere":"No se pudo convertir porque es usado por otro objeto: {sprite}","swap-local-global/edit-variable-option":"Renombrar o editar variable","swap-local-global/edit-list-option":"Renombrar o editar lista","swap-local-global/edit-variable-header":"Editar Variable","swap-local-global/edit-list-header":"Editar Lista","swap-local-global/edit":"Editar propiedades:","swap-local-global/@name":"Cambiar variables entre \"Para todos los objetos\" y \"Solo para este objeto\"","swap-local-global/@description":"Agrega más opciones al renombrar una variable o lista existente: permite cambiar entre \"Para todos los objetos\" y \"Solo para este objeto\" y si las variables son almacenadas en la nube. También agrega una nueva opción al hacer click derecho en una variable/lista para cambiar rápidamente su ámbito."}