{"transparent-orphans/@name":"Bloques transparentes","transparent-orphans/@description":"Ajuste la transparencia de los bloques del editor, con opciones separadas para bloques huérfanos (aquellos sin un bloque de evento en su parte superior) y bloques que están siendo arrastrados.","transparent-orphans/@settings-name-block":"Transparencia de bloques (%)","transparent-orphans/@settings-name-orphan":"Transparencia de huérfanos (%)","transparent-orphans/@settings-name-dragged":"Transparencia arrastrando (%)"}