{"animated-thumb/set-thumbnail":"Bild ändern","animated-thumb/added-by":"Knopf durch die Scratch Addons-Browsererweiterung hizugefügt.","animated-thumb/description":"Lade ein Vorschaubild aus einer Datei, oder wähle \"Bühne verwenden\", um die aktuelle Bühne als Vorschaubild zu setzen.","animated-thumb/keep-thumb":"Automatisches Speichern des Bildes vermeiden (Empfohlen)","animated-thumb/keep-thumb-desc":"Dies vermeidet das Überschreiben des Bildes mit dem Inhalt der Bühne, wenn das Projekt gespeichert wird.","animated-thumb/use-stage":"Bühne verwenden","animated-thumb/select-file":"Datei wählen","animated-thumb/close":"Schließen","animated-thumb/successful":"Vorschaubild hochgeladen.","animated-thumb/server-error":"Das Vorschaubild konnte aufgrund eines Serverfehlers von Scratch nicht hochgeladen werden. Versuche es später erneut.","animated-thumb/error":"Vorschaubild konnte nicht hochgeladen werden.","animated-thumb/too-big":"Die Datei ist zu groß.","animated-thumb/gif":"Projekte mit animiertem Vorschaubild könnten auf der Startseite von Scratch und in den Suchergebnissen nicht erscheinen. Trotzdem hochladen?","animated-thumb/if-unsuccessful":"Falls dies nicht das Vorschaubild, das du gerade eben hochgeladen hast, ist, hat der Scratch-Server vielleicht ein Problem. Bitte warte ein paar Stunden und versuche es erneut.","animated-thumb/@name":"Thumbnailsetzer","animated-thumb/@description":"Fügt einen Knopf unten rechts zur Projektseite hinzu, der das Vorschaubild deines Projektes zu einem beliebigen Bild (einschließlich gifs) ändern kann."}