{"better-img-uploads/upload":"In HD hochalden","better-img-uploads/@name":"Bilder mit hoher Auflösung hochladen","better-img-uploads/@description":"Fügt einen neuen Knopf über dem \"Kostüm hochladen\"-Knopf, der hochgeladene Raster-Bilder automatisch in SVG (Vektor) umwandelt, um die Qualität nicht zu verlieren.","better-img-uploads/@info-notSuitableEdit":"Verwende den HD Hochladen-Knopf lieber nicht, wenn du planst, das Bild nach dem Hochladen zu bearbeiten.","better-img-uploads/@settings-name-fitting":"Bildgröße","better-img-uploads/@settings-select-fitting-full":"Originalgröße","better-img-uploads/@settings-select-fitting-fill":"Durch Vergrößern an Bühne anpassen","better-img-uploads/@settings-select-fitting-fit":"Durch Verkleinern an Bühne anpassen"}