{"block-cherry-picking/@name":"Einzelne Blöcke mit Strg-Taste nehmen","block-cherry-picking/@description":"Halte die Strg-Taste gedrückt, um einzelne Blöcke (anstatt des ganzen Stapels darunter) aus der Mitte eines Skripts zu nehmen.","block-cherry-picking/@info-macContextDisabled":"Auf macOS, verwende anstatt der Strg-Taste die Cmd-Taste.","block-cherry-picking/@info-flipControls":"\"Steuerung invertieren\" legt das individuelle Nehmen von Blöcken als Standardmäßiges Verhalten fest. Halte Strg gedrückt, um den ganzen Stapel zu ziehen.","block-cherry-picking/@settings-name-invertDrag":"Steuerung invertieren"}