{"block-switching/event_broadcast":"sende an alle","block-switching/event_broadcastandwait":"sende an alle und warte","block-switching/control_if":"falls, dann","block-switching/control_if_else":"falls, dann... sonst","block-switching/control_repeat_until":"wiederhole bis","block-switching/control_forever":"wiederhole fortlaufend","block-switching/control_wait_until":"warte bis","block-switching/data_changevariableby":"ändere Variable um","block-switching/data_setvariableto":"setze Variable auf","block-switching/data_showvariable":"zeige Variable","block-switching/data_hidevariable":"verstecke Variable","block-switching/data_showlist":"zeige Liste","block-switching/data_hidelist":"verstecke Liste","block-switching/data_replaceitemoflist":"ersetze Element","block-switching/data_insertatlist":"füge Element ein","block-switching/debugger_error":"Fehler im Log schreiben","block-switching/debugger_log":"im Log schreiben","block-switching/debugger_warn":"Warnung im Log schreiben","block-switching/looks_changeeffectby":"ändere Effekt um","block-switching/looks_seteffectto":"setze Effekt auf","block-switching/looks_changesizeby":"ändere Größe um","block-switching/looks_setsizeto":"setze Größe auf","block-switching/looks_costumenumbername":"Kostümnummer oder -name","block-switching/looks_backdropnumbername":"Bühnenbildnummer oder -name","block-switching/looks_show":"zeige dich","block-switching/looks_hide":"verstecke dich","block-switching/looks_nextcostume":"nächstes Kostüm","block-switching/looks_nextbackdrop":"nächstes Bühnenbild","block-switching/looks_say":"sage","block-switching/looks_think":"denke","block-switching/looks_sayforsecs":"sage für Sekunden","block-switching/looks_thinkforsecs":"denke für Sekunden","block-switching/looks_switchbackdropto":"wechsle zu Bühnenbild","block-switching/looks_switchbackdroptoandwait":"wechsle zu Bühnenbild und warte","block-switching/motion_turnright":"drehe dich nach rechts","block-switching/motion_turnleft":"drehe dich nach links","block-switching/motion_setx":"setze x auf","block-switching/motion_changexby":"ändere x um","block-switching/motion_sety":"setze y auf","block-switching/motion_changeyby":"ändere y um","block-switching/motion_xposition":"x-Position","block-switching/motion_yposition":"y-Position","block-switching/operator_and":"und","block-switching/operator_or":"oder","block-switching/pen_penDown":"schalte Stift ein","block-switching/pen_penUp":"schalte Stift aus","block-switching/pen_setPenColorParamTo":"setze Parameter auf","block-switching/pen_changePenColorParamBy":"ändere Parameter","block-switching/pen_changePenHueBy":"ändere Farbton um","block-switching/pen_setPenHueToNumber":"setze Farbton auf","block-switching/pen_changePenShadeBy":"ändere Helligkeit um","block-switching/pen_setPenShadeToNumber":"setze Helligkeit auf","block-switching/pen_changePenSizeBy":"ändere Größe um","block-switching/pen_setPenSizeTo":"setze Größe auf","block-switching/sensing_mousex":"Maus-x-Position","block-switching/sensing_mousey":"Maus-y-Position","block-switching/sound_play":"Start","block-switching/sound_playuntildone":"spiele Klang ganz","block-switching/sound_changeeffectby":"ändere Effekt um","block-switching/sound_seteffectto":"setze Effekt auf","block-switching/sound_setvolumeto":"setze Lautstärke auf","block-switching/sound_changevolumeby":"ändere Lautstärke um","block-switching/music_setTempo":"setze Tempo auf","block-switching/music_changeTempo":"ändere Tempo um","block-switching/@name":"Block-Austausch","block-switching/@description":"Klicke mit der rechten Maustaste auf einen Block, um ihn mit einem ähnlichen Block zu ersetzen.","block-switching/@settings-name-noop":"Zeige Option zum Ändern des Blocks auf sich selbst","block-switching/@settings-name-border":"Rand hinzufügen","block-switching/@settings-name-motion":"Bewegung-Blöcke","block-switching/@settings-name-looks":"Aussehen-Blöcke","block-switching/@settings-name-sound":"Klang-Blöcke","block-switching/@settings-name-event":"Ereignisse-Blöcke","block-switching/@settings-name-control":"Steuerung-Blöcke","block-switching/@settings-name-operator":"Operatoren-Blöcke","block-switching/@settings-name-sensing":"Fühlen-Blöcke","block-switching/@settings-name-data":"Variablen-Blöcke","block-switching/@settings-name-extension":"Erweiterungen-Blöcke","block-switching/@settings-name-sa":"Scratch Addons-Blöcke","block-switching/@settings-name-customargs":"Argumente von benutzerdefinierten Blöcken","block-switching/@settings-name-customargsmode":"Optionen für angezeigte Blockargumente","block-switching/@settings-select-customargsmode-defOnly":"Argumente in eigenem benutzerdefiniertem Block","block-switching/@settings-select-customargsmode-all":"Argumente in allen benutzerdefinierten Blöcken in der Figur"}