{"cloud-games/popup-title":"Scratch Addons - Cloudspiele","cloud-games/no-users":"Es spielen derzeit keine Benutzer","cloud-games/loading":"Wird geladen... ({done}/{amount})","cloud-games/general-error":"Konnte Projekte vom Studio nicht laden.","cloud-games/server-error":"Es sieht so aus, als hätte der Scratch-Server ein Problem.","cloud-games/no-projects":"Es sind keine Projekte zum Anzeigen vorhanden.","cloud-games/change-studio":"Du kannst die Projekte ändern, indem du das Studio-URL in den {settings} eingibst.","cloud-games/addon-settings":"Addon-Einstellungen","cloud-games/@name":"Cloudspiele","cloud-games/@description":"Verfügbar, wenn auf das Scratch Addons-Symbol geklickt wird. Zeigt an, wie viele Scratcher sich derzeit in Multiplayer-Projekten befinden und deren Benutzernamen.","cloud-games/@popup-name":"Spiele"}