{"confirm-actions/share":"Scratch Addons:\nBist du dir sicher, dass du dieses Projekt veröffentlichen möchtest?","confirm-actions/unshare":"Scratch Addons:\nBist du dir sicher, dass du dieses Projekt unveröffentlichen möchtest?","confirm-actions/follow":"Scratch Addons:\nBist du dir sicher, dass du diesem Benutzer folgen/nicht mehr folgen möchtest?","confirm-actions/joinstudio":"Scratch Addons:\nBist du sicher, dass du diesem Studio beitreten möchtest?","confirm-actions/closetopic":"Scratch Addons:\nBist du sicher, dass du dieses Thema schließen möchtest?","confirm-actions/@name":"Bestätigungen","confirm-actions/@description":"Fragt, ob du dir bei bestimmten Aktionen unter deinem Scratch-Konto sicher bist, wie das Veröffentlichen von Projekten.","confirm-actions/@settings-name-projectsharing":"Veröffentlichen von Projekten bestätigen","confirm-actions/@settings-name-projectunsharing":"Unveröffentlichen von Projekten bestätigen","confirm-actions/@settings-name-followinguser":"Folgen/nicht Folgen von Benutzern bestätigen","confirm-actions/@settings-name-joiningstudio":"Beitreten bei Studios bestätigen","confirm-actions/@settings-name-closingtopic":"Schließen von Forenthemen bestätigen"}