{"custom-zoom/@name":"Benutzerdefinierter Codebereichzoom","custom-zoom/@description":"Personalisiere den Minimum-, Maximum-, und Startzoom und die Zoom-Geschwindigkeit für den Skriptbereich im Editor, und blende die Steuerelemente automatisch aus.","custom-zoom/@settings-name-maxZoom":"Maximale Größe (100-500%)","custom-zoom/@settings-name-minZoom":"Zoom-Minimum (1-100%)","custom-zoom/@settings-name-startZoom":"Startzoom (50-500%)","custom-zoom/@settings-name-zoomSpeed":"Zoom-Geschwindigkeit (50-200%)","custom-zoom/@settings-name-autohide":"Zoom-Steuerelemente automatisch ausblenden","custom-zoom/@settings-name-speed":"Dauer der Animation für das automatische Ausblenden","custom-zoom/@settings-select-speed-none":"Keine","custom-zoom/@settings-select-speed-short":"Kurz","custom-zoom/@settings-select-speed-default":"Standard","custom-zoom/@settings-select-speed-long":"Lang"}