{"custom-block-shape/@name":"Anpassbare Blockform","custom-block-shape/@description":"Ändere die Blockhöhe, den Eckenradius und die Höhe der Laschen von Scratch-Blöcken.","custom-block-shape/@info-paddingWarning":"Die Änderung der Blockhöhe ist nur für dich sichtbar, deshalb könnten sich deine Skripte, wenn andere Nutzer deine Projekte ansehen, überlappen.","custom-block-shape/@preset-name-default3":"3.0-Blöcke","custom-block-shape/@preset-description-default3":"Die normale Ansicht von Scratch 3.0-Blöcken","custom-block-shape/@preset-name-default2":"2.0-Blöcke","custom-block-shape/@preset-description-default2":"Scratch 2.0-ähnliche Blöcke","custom-block-shape/@preset-name-flat3":"Flache 3.0","custom-block-shape/@preset-description-flat3":"Scratch 3.0-Blöcke ohne Laschen und Ecken","custom-block-shape/@preset-name-flat2":"Flache 2.0","custom-block-shape/@preset-description-flat2":"Scratch 2.0-Blöcke ohne Laschen und Ecken","custom-block-shape/@settings-name-paddingSize":"Blockhöhe (50-200%)","custom-block-shape/@settings-name-cornerSize":"Eckengröße (0-300%)","custom-block-shape/@settings-name-notchSize":"Laschenhöhe (0-150%)"}