{"dark-www/@name":"Dunkler Modus und anpassbare Farben auf der Website","dark-www/@description":"Passe die von der Scratch-Website verwendeten Farben an. Mehere Designs von verschiedenen Autoren verfügbar. Falls du den Dunklen Modus nicht brauchst, aber die Standardfarben ändern willst, kannst du die \"Scratch-Standardfarben\"-Vorlage auswählen und sie optimieren.","dark-www/@update":"Du kannst nun die Darstellung der Scratch-Website komplett bearbeiten.","dark-www/@preset-name-experimentalDark":"\"Experimentell\" Dunkel","dark-www/@preset-description-experimentalDark":"Ein auf einem Userstyle basierendes dunkles Design von Maximouse. Nicht experimentell.","dark-www/@preset-name-darkWww":"Dunkles WWW","dark-www/@preset-description-darkWww":"Ein dunkles Design von Ucrash","dark-www/@preset-name-scratch":"Scratch's Standardfarben","dark-www/@preset-description-scratch":"Die normalen von Scratch verwendeten Farben","dark-www/@credits-addon":"Addon, \"Experimentell\" Dunkel","dark-www/@credits-darkwww":"Dunkles WWW","dark-www/@settings-name-page":"Seitenhintergrund","dark-www/@settings-name-navbar":"Hintergrund der Navigationsleiste","dark-www/@settings-name-box":"Hintergrund von Inhalten","dark-www/@settings-name-gray":"Grauer Hintergrund","dark-www/@settings-name-blue":"Blauer Hintergrund","dark-www/@settings-name-input":"Hintergrund von Eingabefeldern","dark-www/@settings-name-button":"Markierungsfarbe","dark-www/@settings-name-link":"Linkfarbe","dark-www/@settings-name-footer":"Hintergrund der Fußleiste","dark-www/@settings-name-border":"Randfarbe","dark-www/@settings-name-darkBanners":"Farbige Bereiche","dark-www/@settings-select-darkBanners-off":"Standard","dark-www/@settings-select-darkBanners-darker":"Dunkler","dark-www/@settings-select-darkBanners-desaturated":"Dunkler und entsättigt","dark-www/@settings-name-darkScrollbars":"Dunkle Scrollleisten","dark-www/@settings-name-darkForumCode":"Dunkle Codeblöcke in Foren"}