{"debugger/debug":"Debuggen","debugger/export":"Exportieren","debugger/clear":"Löschen","debugger/close":"Schließen","debugger/step":"Schritt","debugger/enter-format":"Exportformat eingeben:","debugger/unpause":"Fortsetzen","debugger/unknown-sprite":"(unbekannte Figur)","debugger/clone-of":"Klon von {sprite}","debugger/icon-warn":"Warnung","debugger/icon-error":"Fehler","debugger/empty-string":"(leerer Text)","debugger/export-desc":"Halte die Umschalttaste während dem Klicken gedrückt, um das Exportformat anzupassen.","debugger/block-breakpoint":"unterbrechen","debugger/block-log":"schreibe %s im Log","debugger/block-warn":"schreibe Warnung %s im Log","debugger/block-error":"schreibe Fehler %s im Log","debugger/cannot-pause-player":"Der \"unterbrechen\"-Block kann nur im Editor verwendet werden.","debugger/step-desc":"Führt einen Block aus.","debugger/tab-performance":"Leistung","debugger/no-logs":"Es gibt keine Logs zum Anzeigen.","debugger/no-threads-running":"Es werden momentan keine Threads ausgeführt.","debugger/performance-clonecount-title":"Klone","debugger/performance-clonecount-graph-tooltip":"Klone: {clones}","debugger/log-msg-flag-clicked":"Grüne Flagge angeklickt.","debugger/log-msg-clone-cap":"Klonen von '{sprite}' fehlgeschlagen, es können nicht mehr als 300 Klone erzeugt werden.","debugger/log-msg-clone-created":"'{sprite}' geklont.","debugger/log-msg-broadcasted":"Nachricht '{broadcast}' gesendet.","debugger/log-msg-list-append-too-long":"Hinzufügen zu Liste '{list}' fehlgeschlagen, es können nicht mehr als 200.000 Elemente hinzugefügt werden.","debugger/log-msg-list-insert-too-long":"Element 200.000 von Liste '{list}' entfernt, um Platz für Einfügen zu machen, es können nicht mehr als 200.000 Elemente hinzugefügt werden.","debugger/log-cloud-data-nan":"Festlegen von '{var}' fehlgeschlagen, Cloud-Variablen können nur Zahlen enthalten.","debugger/log-cloud-data-too-long":"Festlegen von '{var}' fehlgeschlagen, Cloud-Variablen können nicht mehr als 256 Ziffern besitzen.","debugger/@description":"Fügt ein neues \"Debugger\"-Fenster im Editor hinzu. Erlaubt das loggen in den \"Logs\"-Tab des Debugger-Fenster mit den Blöcken \"loggen\", \"warnen\" und \"Fehler\". Der \"Unterbrechen\"-Block wird das Projekt pausieren. Alle aktuell ausgeführten Threads können im \"Threads\"-Tab angezeigt werden und wenn das Projekt pausiert ist kann der \"Schritt\"-Knopf verwendet werden, um einen Block nach dem anderen auszuführen. Ein Graph der Bildwiederholrate und der Klonanzahl kann im \"Leistung\"-Tab angezeigt werden.","debugger/@update":"Neue \"Threads\"- und \"Leistung\"-Tabs im Debugger-Fenster.","debugger/@settings-name-log_clear_greenflag":"Logs beim Klicken auf die grüne Flagge löschen","debugger/@settings-name-log_greenflag":"Klicks auf dei grüne Flagge loggen","debugger/@settings-name-log_clone_create":"Klon-Erzeugungen loggen","debugger/@settings-name-log_failed_clone_creation":"Überschreitung des Klonlimits loggen","debugger/@settings-name-log_broadcasts":"Nachrichten loggen","debugger/@settings-name-log_max_list_length":"Überschreitung von Begrenzungen für Listenlängen loggen","debugger/@settings-name-log_invalid_cloud_data":"Ungültige Werte von Cloud-Variablen loggen"}