{"discuss-button/@name":"Benutzerdefinierte Navigationsleiste","discuss-button/@description":"Wähle eine Liste von Links, die auf der Navigationsleiste angezeigt werden sollen.","discuss-button/@settings-name-items":"Elemente","discuss-button/@settings-default-items-0-name":"Entwickeln","discuss-button/@settings-default-items-1-name":"Entdecken","discuss-button/@settings-default-items-2-name":"Ideen","discuss-button/@settings-default-items-3-name":"Über Scratch","discuss-button/@preset-items-0":"Entwickeln","discuss-button/@preset-value-items-0-name":"Entwickeln","discuss-button/@preset-items-1":"Entdecken","discuss-button/@preset-value-items-1-name":"Entdecken","discuss-button/@preset-items-2":"Ideen","discuss-button/@preset-value-items-2-name":"Ideen","discuss-button/@preset-items-3":"Über Scratch","discuss-button/@preset-value-items-3-name":"Über Scratch","discuss-button/@preset-items-4":"Diskutieren","discuss-button/@preset-value-items-4-name":"Diskutieren"}