{"editor-comment-previews/@name":"Vorschau für Editorkommentare","editor-comment-previews/@description":"Ermöglicht das Anzeigen einer Vorschau, wenn die Maus über reduzierten Kommentaren und Blöcken. Du kannst dies verwenden, um Kommentare außerhalb des Bildschirms anzuzeigen, einen Schleifenblock von seiner Unterseite anhand der Vorschau zu identifizieren, mehrere lange Kommentare in einen kleinen Bereich anzupassen und mehr.","editor-comment-previews/@settings-name-hover-view":"Zum Vorschauen mit der Maus über reduzierten Kommentaren schweben","editor-comment-previews/@settings-name-hover-view-block":"Zum Vorschauen von angehängten Kommentaren mit der Maus über Blöcken schweben","editor-comment-previews/@settings-name-hover-view-procedure":"Zum Vorschauen von Definitionskommentaren mit der Maus über benutzerdefinierten Blöcken schweben","editor-comment-previews/@settings-name-delay":"Verzögerungsdauer","editor-comment-previews/@settings-select-delay-none":"Keine","editor-comment-previews/@settings-select-delay-short":"Kurz","editor-comment-previews/@settings-select-delay-long":"Lang","editor-comment-previews/@settings-name-follow-mouse":"Maus folgen","editor-comment-previews/@settings-name-reduce-transparency":"Durchsichtigkeit vermindern","editor-comment-previews/@settings-name-reduce-animation":"Animation reduzieren"}