{"editor-extra-keys/@name":"Unterstützung für weitere Tasten","editor-extra-keys/@description":"Fügt mehr Tasten zum \"Taste () gedrückt?\" und \"Wenn Taste () gedrückt\" Block-Dropdown hinzu, wie Enter, Punkt, Komma und mehr.","editor-extra-keys/@info-experimentalKeysWarn":"\"Experimentelle Tasten\" sind Tasten wie Gleich-Zeichen, Schrägstrich, Strichpunkt und mehr. Sie könnten auf manchen Betriebssystemen und Tastaturlayouts nicht funktionieren.","editor-extra-keys/@info-shiftKeysWarn":"\"Umschalttasten\" sind Tasten, die normalerweise das Drücken der Umschalt-Taste und eine Zahl benötigen, wie Rufezeichen, Dollar-Symbol und mehr. Diese Tasten funktionieren nur mit dem \"wenn Taste () gedrückt\"-Block und könnten auf manchen Betriebssystemen und Tastaturlayouts nicht funktionieren. ","editor-extra-keys/@settings-name-experimentalKeys":"Experimentelle Tasten aktivieren","editor-extra-keys/@settings-name-shiftKeys":"Umschalttasten aktivieren"}