{"fix-editor-comments/@name":"Bessere Editorkommentare","fix-editor-comments/@description":"Nimmt zahlreiche Änderungen auf Kommentare im Scratch-Editor vor: löst einen Fehler, der an Blöcken hängende Kommentare nach dem Ziehen nicht an der richtigen Position speichert, fügt eine Scrolleiste auf Kommentaren mit geschnittenem Text hinzu, verhindert das Erstellen von Kommentaren außerhalb des sichtbaren Bereiches, und mehr.","fix-editor-comments/@settings-name-fix-drag":"Mit Blöcken gezogene Kommentare reparieren","fix-editor-comments/@settings-name-scroll":"Scrolleisten zu geschnittenen Kommentaren hinzufügen","fix-editor-comments/@settings-name-standalone-edit":"Alleinstehende Kommentare direkt bearbeiten","fix-editor-comments/@settings-name-leash":"Blockkommentare immer neben Block erstellen","fix-editor-comments/@settings-name-straighten":"Verbindungen von Kommentaren zu Blöcken gerade halten"}