{"folders/open-folder":"Offen","folders/closed-folder":"Ordner","folders/create-folder":"neuer Ordner","folders/add-to-folder":"zu Ordner \"{folder}\" hinzufügen","folders/rename-folder":"Ordner umbenennen","folders/remove-folder":"Ordner entfernen","folders/remove-from-folder":"vom Ordner entfernen","folders/rename-folder-prompt":"Ordner umbenennen in:","folders/name-prompt":"Ordnername:","folders/name-not-allowed":"Ungültiger Ordnername","folders/confirm-backpack-folder":"Den ganzen Ordner im Lager speichern?","folders/@name":"Figurenordner","folders/@description":"Fügt Ordner zur Figurenliste hinzu, sowie zur Kostüm- und Klangliste. Um einen Ordner zu erstellen, klicke mit der rechten Maustaste auf eine Figur und wähle \"neuer Ordner\". Klicke mit der rechten Maustaste eine Figur an, um sie in einen Ordner zu verschieben, oder ziehe sie in einen offenen Ordner.","folders/@info-notice-folders-are-public":"Nutzer, die dieses Feature aktiviert haben, werden die Ordner in deinem Projekt sehen. Alle anderen werden die normale Figurenliste sehen (ohne Ordner).","folders/@info-notice-sprite-names":"Dieses Feature funktioniert durch Hinzufügen von \"[OrdnerName]//\" am Beginn der Figurennamen."}