{"forum-toolbar/link":"Link zu:","forum-toolbar/prompt-wp":"Titel auf Wikipedia:","forum-toolbar/wiki":"Scratch-Wiki","forum-toolbar/prompt-wiki":"Titel auf dem Scratch-Wiki:","forum-toolbar/google":"Google-Suche","forum-toolbar/prompt-google":"Such-Stichwort:","forum-toolbar/prompt-dictionary":"Wort:","forum-toolbar/center":"Zentriert","forum-toolbar/prompt-code":"Sprache (für Markierung):","forum-toolbar/color":"Farbe","forum-toolbar/prompt-color":"Farbe:","forum-toolbar/@name":"Mehr Werkzeuge in Foren","forum-toolbar/@description":"Fügt Knöpfe in der Forum-Editor-Toolbar zum Einfügen von BBCode-Tags hinzu, wie [center] oder [color], hinzu.","forum-toolbar/@credits-icons":"Icons","forum-toolbar/@settings-name-wiki":"Scratch-Wiki","forum-toolbar/@settings-name-google":"Goole-Suche","forum-toolbar/@settings-name-color":"Farbe","forum-toolbar/@settings-name-center":"Zentriert"}