{"forum-search/loading":"Wird geladen...","forum-search/error":"Fehler beim Laden aus ScratchDB!","forum-search/none":"Keine Suchergebnisse","forum-search/username":"Benutzername:","forum-search/posts-here":"Benutzer-Posts Hier","forum-search/posts-sitewide":"Benutzer-Posts Seitenweit","forum-search/first-checked":"Zuerst gelesen:","forum-search/last-checked":"Zuletzt gelesen:","forum-search/last-edited-by":"Zuletzt bearbeitet von {username} ({datetime})","forum-search/placeholder":"Suche Posts auf den gesamten Scratch-Foren","forum-search/search-topic":"Suche Posts in \"{topic}\"","forum-search/search-cat":"Suche Posts in \"{cat}\"","forum-search/relevance":"Relevanz","forum-search/newest":"neuste","forum-search/oldest":"älteste","forum-search/@name":"Forumsuche","forum-search/@description":"Fügt ein Postsuchfeld zu den Foren hinzu. Verwendet ScratchDB, um die Informationen zu erhalten."}