{"gamepad/settings":"Gamepad-Einstellungen","gamepad/key-space":"Leertaste","gamepad/key-up":"Oben","gamepad/key-down":"Unten","gamepad/key-left":"Links","gamepad/key-right":"Rechts","gamepad/key-none":"(keine)","gamepad/key-click":"Klicken","gamepad/axis-none":"Keine","gamepad/axis-arrows":"Pfeiltasten","gamepad/axis-custom":"Benutzerdefiniert","gamepad/no-controllers":"Keine Controller gefunden. Schließe einen an und drücke einen der Knöpfe.","gamepad/button-n":"Knopf {n}","gamepad/axes-a-b":"Achsen {a} & {b}","gamepad/keyinput-title":"Klicke und drücke eine Taste oder klicke, um Knopf zu wechseln. Drücke Esc zum abbrechen. Löschen oder Entf zum Löschen.","gamepad/browser-support":"Dieser Browser und dieses Betriebssystem haben bekannte Bugs, die die Verwendung dieses Addons erschweren könnten. Versuche einen anderen Browser, falls du auf Probleme stößt.","gamepad/config-header":"Dieser Kommentar enthält die Konfiguration für Gamepad-Steuerung in Tools von Drittanbietern oder Websites wie https://turbowarp.org/\nNicht eigenhändig bearbeiten","gamepad/store-in-project":"Speichere diese Einstellungen im Projekt, um die Standardkonfiguration zu ersetzen (Experimentelles Werkzeug für Projektentwickler)","gamepad/@name":"Gamepad-Unterstützung","gamepad/@description":"Interagiere mit einem USB- oder Bluetoothcontroller/Gamepad mit Projekten.","gamepad/@settings-name-hide":"Einstellungenknopf ausblenden, wenn keine Controller erkannt wurden"}