{"hide-flyout/@name":"Automatisches Ausblenden für Blockpalette","hide-flyout/@description":"Blendet die Blockpalette automatisch aus, wenn sich die Maus nicht darüber befindet. Klicke auf das Schlossymbol, um es temporär zu fixieren. Alternativ kannst du den \"Kategorien klicken\"-Modus verwenden.","hide-flyout/@info-hoverExplanation":"Der \"Palettenbereich-Hover\"-Modus erweitert nur den angezeigten Bereich. Wenn du Blöcke  dort hinziehen willst, ohne dass sie gelöscht werden, verwende einen der anderen Modi.","hide-flyout/@settings-name-toggle":"Festlegen...","hide-flyout/@settings-select-toggle-hover":"Hover auf Palettenbereich","hide-flyout/@settings-select-toggle-cathover":"Kategorien hovern","hide-flyout/@settings-select-toggle-category":"Kategorien klicken","hide-flyout/@settings-name-speed":"Animationdauer","hide-flyout/@settings-select-speed-none":"Keine","hide-flyout/@settings-select-speed-short":"Kurz","hide-flyout/@settings-select-speed-default":"Standard","hide-flyout/@settings-select-speed-long":"Lang"}