{"infinite-scroll/page-num":"Seite {page}","infinite-scroll/@name":"Unendliches Scrollen","infinite-scroll/@description":"Erlaubt das Scrollen an verschiedenen Stellen der Seite, ohne auf \"Mehr anzeigen\" klicken zu müssen.","infinite-scroll/@settings-name-forumScroll":"Foren","infinite-scroll/@settings-name-profileCommentScroll":"Profilkommentare","infinite-scroll/@settings-name-projectScroll":"Projektkommentare","infinite-scroll/@settings-name-studioScroll":"Studiokommentare","infinite-scroll/@settings-name-studioProjectScroll":"Studioprojekte","infinite-scroll/@settings-name-studioBrowseProjectScroll":"„Zu Studio hinzufügen“-Menü","infinite-scroll/@settings-name-studioCuratorScroll":"Studiokuratoren","infinite-scroll/@settings-name-studioActivityScroll":"Studioaktivitäten","infinite-scroll/@settings-name-messageScroll":"Nachrichten","infinite-scroll/@settings-name-showFooter":"Fußleiste fixieren"}