{"live-featured-project/change-featured":"Vorgestelles Projekt ändern","live-featured-project/@name":"Aktives vorgestelltes Projekt","live-featured-project/@description":"Zeigt ein interaktives vorgestelltes Projekt direkt auf der Profilseite des Benutzers. Basiert auf der Implementierung in Mega Scratch Userscript.","live-featured-project/@settings-name-showMenu":"Zeige Projektemenü (obere Leiste)","live-featured-project/@settings-name-alternativePlayer":"Alternativer Player","live-featured-project/@settings-select-alternativePlayer-none":"Keiner","live-featured-project/@settings-name-autoPlay":"Projekte automatisch starten (für alternative Player)","live-featured-project/@settings-name-forceAlternative":"Erzwinge die Verwendung eines alternativen Players","live-featured-project/@settings-name-enableTWAddons":"TurboWarp-Addons aktivieren"}