{"msg-count-badge/@name":"Nachrichtenanzahl auf dem Erweiterungssymbol","msg-count-badge/@description":"Zeigt die momentane Nachrichtenanzahl auf dem Scratch Addons-Symbol an.","msg-count-badge/@preset-name-oldLightGreen":"Altes Hellgrün","msg-count-badge/@preset-description-oldLightGreen":"Die Badge-Farbe der originalen Scratch Messaging Extension.","msg-count-badge/@preset-name-blue":"Blau","msg-count-badge/@preset-name-black":"Schwarz","msg-count-badge/@preset-description-orange":"Dieselbe Farbe wie die des Scratch Addons-Logos.","msg-count-badge/@settings-name-color":"Badge-Farbe","msg-count-badge/@settings-name-showOffline":"Fragezeichen-Symbol anzeigen, wenn ich nicht angemeldet bin"}