{"my-ocular/status-hover":"Dies ist ein benutzerdefinierter Status von ocular, angezeigt von Scratch Addons. Du kannst deinen eigenen auf https://ocular.jeffalo.net/dashboard setzen.","my-ocular/view-on-ocular":"Diesen Post auf ocular anzeigen","my-ocular/add-reaction":"Mit ocular auf diesen Post reagieren","my-ocular/@name":"ocular-Integration","my-ocular/@description":"Zeigt ocular-Statuse und Forumpost-Reaktionen an. Erhält Daten von jeffalo.net.","my-ocular/@settings-name-profile":"Zeige in Profilen","my-ocular/@settings-name-discuss":"Zeige in Foren","my-ocular/@settings-name-reactions":"Zeigt Reaktionsknöpfe und \"Auf ocular anzeigen\"-Link"}