{"onion-skinning/toggle":"Onion Skinning umschalten","onion-skinning/settings":"Einstellungen für Onion Skinning","onion-skinning/previous":"Vorheriges Kostüm","onion-skinning/next":"Nächstes Kostüm","onion-skinning/opacity":"Transparenz (%)","onion-skinning/opacityStep":"Transparenz-Abstufung (%)","onion-skinning/mode":"Modus","onion-skinning/merge":"Mischen","onion-skinning/tint":"Färbung","onion-skinning/layering":"Schichtung","onion-skinning/front":"Vorne","onion-skinning/behind":"Hinten","onion-skinning/@name":"Onion Skinning","onion-skinning/@description":"Zeigt ein transparentes Bild des vorherigen oder nächsten Kostüms während dem Bearbeiten eines Kostüms. Du kannst es mit Knöpfen neben den Zoom-Knöpfen im Kostümeditor steuern.","onion-skinning/@settings-name-default":"Standardmäßig einschalten","onion-skinning/@settings-name-previous":"Standard vorherige Kostüme","onion-skinning/@settings-name-next":"Standard nächste Kostüme","onion-skinning/@settings-name-opacity":"Transparenz (%)","onion-skinning/@settings-name-opacityStep":"Transparenz-Abstufung (%)","onion-skinning/@settings-name-layering":"Standardschichtung","onion-skinning/@settings-select-layering-front":"Vorne","onion-skinning/@settings-select-layering-behind":"Hinten","onion-skinning/@settings-name-mode":"Standardmodus","onion-skinning/@settings-select-mode-merge":"Bilder verbinden","onion-skinning/@settings-select-mode-tint":"Farbüberlagerung","onion-skinning/@settings-name-beforeTint":"Färbung für vorheriges Kostüm","onion-skinning/@settings-name-afterTint":"Färbung für nächstes Kostüm"}