{"paint-by-default/@name":"Benutzerdefiniertes Verhalten von Hinzufügen-Buttons","paint-by-default/@description":"Ändert die Standardaktion von \"Figur/Kostüm/Hintergrund/Klang\" wählen\"-Knöpfen, die die Bibliothek standardmäßig öffnen.","paint-by-default/@settings-name-sprite":"Figur hinzufügen","paint-by-default/@settings-select-sprite-library":"Bibliothek","paint-by-default/@settings-select-sprite-paint":"Malen","paint-by-default/@settings-select-sprite-surprise":"Überraschung","paint-by-default/@settings-select-sprite-upload":"Hochladen","paint-by-default/@settings-name-costume":"Kostüm hinzufügen","paint-by-default/@settings-select-costume-library":"Bibliothek","paint-by-default/@settings-select-costume-paint":"Malen","paint-by-default/@settings-select-costume-surprise":"Überraschen","paint-by-default/@settings-select-costume-upload":"Hochladen","paint-by-default/@settings-name-backdrop":"Hintergrund hinzufügen","paint-by-default/@settings-select-backdrop-library":"Bibliothek","paint-by-default/@settings-select-backdrop-paint":"Malen","paint-by-default/@settings-select-backdrop-surprise":"Überraschung","paint-by-default/@settings-select-backdrop-upload":"Hochladen","paint-by-default/@settings-name-sound":"Klang hinzufügen","paint-by-default/@settings-select-sound-library":"Bibliothek","paint-by-default/@settings-select-sound-record":"Aufnehmen","paint-by-default/@settings-select-sound-surprise":"Überraschung","paint-by-default/@settings-select-sound-upload":"Hochladen"}