{"scratch-notifier/notif-own-project":"{actor} kommentierte auf deinem Projekt \"{title}\"","scratch-notifier/notif-project-reply":"{actor} antwortete dir auf deinem Projekt \"{title}\"","scratch-notifier/notif-own-project-reply":"{actor} antwortete auf {commentee} auf dem Projekt \"{title}\"","scratch-notifier/notif-profile":"{actor} kommentierte auf deinem Profil","scratch-notifier/notif-own-profile-reply":"{actor} antwortete dir auf deinem Profil","scratch-notifier/notif-own-profile-reply-other":"{actor} antwortete auf  {commentee} auf deinem Profil","scratch-notifier/notif-profile-reply":"{actor} antwortete auf {title}s Profil","scratch-notifier/notif-studio-reply":"{actor} antwortete im Studio \"{title}\"","scratch-notifier/notif-comment":"Neuer Scratch-Kommentar","scratch-notifier/notif-forum":"Es gibt neue Posts im Forumthread \"{title}\"","scratch-notifier/notif-love":"{actor} mag dein Projekt \"{title}\"","scratch-notifier/notif-fav":"{actor} favorisierte dein Projekt \"{title}\"","scratch-notifier/notif-follow":"{actor} folgt dir nun","scratch-notifier/notif-invite":"{actor} hat dich eingeladen, das Studio \"{title}\" zu kurieren","scratch-notifier/notif-remix":"{actor} hat dein Projekt \"{parent_title}\" als \"{title}\" geremixt.","scratch-notifier/notif-studio":"Es gab heute neue Beiträge in {title}","scratch-notifier/notif-generic":"Neue Scratch-Nachricht","scratch-notifier/open":"Nachrichtenseite öffnen","scratch-notifier/clear":"Alle als gelesen markieren","scratch-notifier/notif-promotion":"{actor} hat dich zum Manager für das Studio \"{title}\" befördert","scratch-notifier/notif-host":" {actor} machte dich zum Organisator des Studios \"{title}\"","scratch-notifier/st":"Ein Mitglied des Scratch-Teams","scratch-notifier/@name":"Scratch-Benachrichtigungen","scratch-notifier/@description":"Benachrichtigungen für neue Scratch-Nachrichten. Klicke die Benachrichtigung an, um direkt zur Nachricht zu gelangen (Kommentar, Projekt, etc.)","scratch-notifier/@credits-scratchAddonsPing":"Scratch Addons-Ping","scratch-notifier/@settings-name-mark_as_read_when_clicked":"Nach Anklicken der Benachrichtigung alle Nachrichten als gelesen markieren","scratch-notifier/@settings-name-notification_sound":"Benachrichtigungston","scratch-notifier/@settings-select-notification_sound-silent":"Stumm","scratch-notifier/@settings-select-notification_sound-system-default":"Systemstandard","scratch-notifier/@settings-select-notification_sound-addons-ping":"Scratch Addons-Ping","scratch-notifier/@settings-name-commentsforme_notifications":"{commentIcon} Profilkommentare & -antworten benachrichtigen","scratch-notifier/@settings-name-commentsonmyprojects_notifications":"{commentIcon} Kommentare auf meinen Projekten benachrichtigen","scratch-notifier/@settings-name-forumpost_notifications":"{forumIcon} Forenaktivitäten benachrichtigen","scratch-notifier/@settings-name-loveproject_notifications":"{heartIcon} Likes benachrichtigen","scratch-notifier/@settings-name-favoriteproject_notifications":"{starIcon} Favorisierungen benachrichtigen","scratch-notifier/@settings-name-followuser_notifications":"{followIcon} Neue Follower benachrichtigen","scratch-notifier/@settings-name-curatorinvite_notifications":"{studioAddIcon} Studioeinladungen benachrichtigen","scratch-notifier/@settings-name-studioactivity_notifications":"{studioIcon} Studioaktivitäten benachrichtigen","scratch-notifier/@settings-name-remixproject_notifications":"{remixIcon} Remixe benachrichtigen","scratch-notifier/@settings-name-becomeownerstudio_notifications":"{adminusersIcon} Studio-Beförderungen benachrichtigen","scratch-notifier/@settings-name-becomehoststudio_notifications":"{usersIcon} Studioorganisator-Transfers benachrichtigen"}