{"scratchstats/title":"Statistiken","scratchstats/view-more":"Auf ScratchStats.com anzeigen","scratchstats/loading":"Wird geladen...","scratchstats/followers":"Follower","scratchstats/most-followed-global":"am meisten gefolgt auf Scratch","scratchstats/most-followed-location":"am meisten gefolgt nach Standort","scratchstats/most-loves":"am meisten Likes","scratchstats/most-favorites":"am meisten Favoriten","scratchstats/most-views":"Am meisten Views","scratchstats/err":"Statistiken konnten nicht geladen werden.","scratchstats/followers-title":"Follower in der Zeit","scratchstats/@name":"Profilstatistiken","scratchstats/@description":"Zeigt Statistiken von ScratchDB auf Nutzerprofilen an."}