{"scratch-messaging/send-error":"Fehler bei dem Senden des Kommentares","scratch-messaging/deleting":"Kommentar wird gelöscht...","scratch-messaging/delete-error":"Fehler beim Löschen des Kommentars - du hast wahrscheinlich nicht die nötigen Berechtigungen dafür.","scratch-messaging/deleted":"[gelöscht]","scratch-messaging/popup-title":"Scratch Addons - Nachrichten","scratch-messaging/open-new-tab":"Kommentar in neuem Tab öffnen","scratch-messaging/delete":"Löschen","scratch-messaging/delete-confirm":"Klicke, um die Löschung zu bestätigen","scratch-messaging/reply":"Antworten","scratch-messaging/posting":"Kommentar wird abgesendet...","scratch-messaging/post":"Absenden","scratch-messaging/cancel":"Abbrechen","scratch-messaging/dismiss":"Verwerfen","scratch-messaging/chars-left":"{num, plural, one {1 Zeichen übrig} other {# Zeichen übrig}}","scratch-messaging/follows":"Folgt","scratch-messaging/stMessages":"Nachrichten des Scratch-Teams","scratch-messaging/stMessagesConfirm":"Bist du sicher, dass du diese Nachricht vom Scratch Team verwerfen möchtest? Du wirst sie nicht mehr wiederherstellen können.","scratch-messaging/studio-invites":"Studio-Einladungen","scratch-messaging/curate-invite":"{actor} hat dich eingeladen, {title} zu Kurieren","scratch-messaging/forum":"Forumaktivitäten","scratch-messaging/forum-new-post":"Es gibt neue Beiträge zum Forenthema {title}","scratch-messaging/studio-activity":"Studioaktivitäten","scratch-messaging/new-activity":"Es gab neue Beiträge in {title}","scratch-messaging/remixes":"Remixe","scratch-messaging/remix-as":"{actor} hat dein Projekt \"{parentTitle}\" als \"{title}\" geremixt.","scratch-messaging/your-profile":"Dein Profil","scratch-messaging/others-profile":"{username}s Profil","scratch-messaging/loading":"Nachrichten werden geladen...","scratch-messaging/server-error":"Kein Serverzugriff, versuche es später erneut.","scratch-messaging/network-error":"Kein Serverzugriff, überprüfe deine Internetverbindung.","scratch-messaging/logged-out":"Melde dich bei Scratch an, um deine Nachrichten anzuzeigen.","scratch-messaging/unknown-fatal-error":"Es ist ein Fehler während dem Laden aufgetreten.","scratch-messaging/report-bug":"Bitte melde uns den folgenden Fehlercode:","scratch-messaging/copy":"Kopieren","scratch-messaging/settings":"Scratch Addons-Einstellungen","scratch-messaging/loading-comments":"Kommentare werden geladen...","scratch-messaging/reload":"Aktualisieren","scratch-messaging/no-unread":"Keine ungelesenen Nachrichten","scratch-messaging/show-more":"Mehr Nachrichten anzeigen","scratch-messaging/mark-as-read":"Alle als gelesen markieren","scratch-messaging/marked-as-read":"Als gelesen markiert","scratch-messaging/open-messages":"Nachrichtenseite öffnen","scratch-messaging/studio-promotions":"Studio-Beförderungen","scratch-messaging/studio-promotion":"{actor} hat dich zum Manager für das Studio {title} befördert","scratch-messaging/comment-error-empty":"Du kannst keinen leeren Kommentar schreiben.","scratch-messaging/comment-error-ratelimit":"Woah, es scheint, als ob du wirklich schnell kommentierst. Bitte warte länger zwischen den Beiträgen.","scratch-messaging/comment-error-filterbot-generic":"Der Filterbot von Scratch hat deinen Kommentar geblockt da er gegen die Community-Richtlinien verstößt.","scratch-messaging/comment-error-filterbot-chat":"Der Filterbot von Scratch hat deinen Kommentar gesperrt, da er Webseiten oder Social Media erwähnt.","scratch-messaging/comment-error-filterbot-spam":"Der Filterbot von Scratch hat deinen Kommentar wegen Spamming geblockt.","scratch-messaging/comment-error-down":"Der Scratch-Server hat ein Problem. Bitte versuche es später erneut.","scratch-messaging/comment-mute":"Deine Kommentare wurden ausgeschaltet, weil Scratch's Filterbot denkt, dass dein letzter Kommentar gegen die Community-Regeln verstößt.","scratch-messaging/comment-cannot-post-for":"{mins, plural, one {Du kannst für 1 Minute nicht posten.} other {Du kannst für # Minuten nicht posten.}}","scratch-messaging/comment-error-reply-limit":"Studiokommentare können nicht mehr als 25 Antworten haben.","scratch-messaging/studio-host-transfers":"Studioorganisator-Transfers","scratch-messaging/studio-host-transfer":" {actor} machte dich zum Organisator des Studios \"{title}\"","scratch-messaging/st":"Ein Mitglied des Scratch-Teams","scratch-messaging/@name":"Scratch-Nachrichten","scratch-messaging/@description":"Verfügbar, wenn auf das Scratch Addons-Icon geklickt wird. Bietet einfaches Lesen und Beantworten deiner Scratch-Nachrichten an: gruppiert Nachrichten nach Projekt, zeigt den vollständigen Kommentartext und Kontext an, ermöglicht das direkte Beantworten von Kommentaren.","scratch-messaging/@popup-name":"Nachrichten"}