{"search-my-stuff/project-placeholder":"Projekte durchsuchen","search-my-stuff/studio-placeholder":"Studios durchsuchen","search-my-stuff/trash-placeholder":"Papierkorb durchsuchen","search-my-stuff/search-by":"Suchen nach","search-my-stuff/progress-header":"Suche...","search-my-stuff/progress-tip":"{number, plural, one {1 Element bisher durchsucht} other {# Elemente bisher durchsucht.}}","search-my-stuff/load-more-header":"Das ist alles, was wir bisher gefunden haben.","search-my-stuff/load-more-tip":"Falls du das, wonach du suchst, nicht gefunden hast, klicke auf Mehr Anzeigen oder ändere das Suchen Nach-Dropdown, um nach verschiedenen Arten von Projekten zu suchen.\nFalls du sehr viele ungewünschte Ergebnisse bekommst, mache deine SUche spezifischer.","search-my-stuff/end-header":"Das ist alles, was wir gefunden haben.","search-my-stuff/end-tip":"Du hast nicht das, wonach du suchst, gefunden? Überprüfe deine Rechtschreibung oder ändere deine Suchwörter.","search-my-stuff/no-results-header":"Wir haben keine Ergebnisse für deine Suche gefunden","search-my-stuff/no-results-tip":"Überprüfe deine Rechtschreibung oder ändere deine Suchfilter.","search-my-stuff/@name":"Suchleiste in Meine Sachen","search-my-stuff/@description":"Ermöglicht das Durchsuchen deiner Projekte, Studios und deines Papierkorbs auf der Meine Sachen-Seite. Beginne irgendwo auf der Seite mit der Eingabe, um mit der Suche zu beginnen. Du kannst nach der Suche auch Strg+Enter drücken, um das erste Suchergebnis zu öffnen.","search-my-stuff/@info-pleaseBePatient":"Falls du shr viele Projekte oder Studios hast, könnte die Suche eine Weile dauern."}