{"studio-followers/modal-title":"Follower in Studios einladen","studio-followers/button":"Follower durchsuchen","studio-followers/fetch-error":"Hmm, es scheint so, als wärst du nicht berechtigt dazu, dies zu tun. Überprüfe, ob du angemeldet bist.","studio-followers/followers":"Nutzer, die sich für meine Sachen interessieren","studio-followers/following":"Nutzer, für die ich mich interessiere","studio-followers/@name":"Follower durchsuchen-Knopf in Studios","studio-followers/@description":"Fügt einen Knopf oben im \"Kuratoren\"-Tab in Studios, die du verwaltest, hinzu, der deine Follower und die Nutzer, denen du folgst, auflistet, um sie mit einem Klick einzuladen."}