{"studio-tools/promote-new":"Kuratoren befördern","studio-tools/remove-new":"Kuratoren entfernen","studio-tools/leave":"Studio verlassen","studio-tools/leave-new":"Studio verlassen","studio-tools/promote-btn":"Befördern","studio-tools/remove-btn":"Entfernen","studio-tools/owner-error":"Du bist der Besitzer dieses Studios.","studio-tools/leave-confirm":"Bist du sicher, dass du dieses Studio verlassen möchtest?","studio-tools/added-by":"Knopf hinzugefügt durch die Scratch Addons-Browsererweiterung","studio-tools/invalid-username":"Der Benutzername ist ungültig.","studio-tools/not-curator":"Der Benutzer ist kein Kurator.","studio-tools/401":"Hmm, es scheint so, als wärst du nicht berechtigt dazu, dies zu tun. Überprüfe, ob du angemeldet bist.","studio-tools/server-down":"Es scheint so, als wären die Scratch Server ausgefallen.","studio-tools/unknown-error":"Irgendetwas ist schief gegangen, versuche es noch einmal.","studio-tools/promoted":"{username} zum Manager befördert.","studio-tools/removed":"{username} vom Studio entfernt.","studio-tools/max-managers-reached":"Dieses Studio hat die Grenze von {max} Managern überschritten.","studio-tools/too-many-managers":"Du musst ein paar Manager entfernen, bevor du wieder Nutzer befördern kannst.","studio-tools/@name":"Studiotools","studio-tools/@description":"Erlaubt es Managern, einfacher im Kuratorentab Benutzer von Studios zu befördern oder zu entfernen und Studios mit einem Knopf unter dem \"Studio folgen\"-Knopf zu verlassen.","studio-tools/@settings-name-mystufftools":"Verlassen-Knopf im Studios-Bereich von \"Meine Sachen\" hinzufügen"}