{"swap-local-global/to-local":"In \"Nur für diese Figur\" umwandeln","swap-local-global/to-global":"In \"Für alle Figuren\" umwandeln","swap-local-global/cant-convert-to-local":"Konnte nicht umwandeln, weil sie von mehreren Figuren verwendet wird: {sprites}","swap-local-global/cant-convert-cloud":"Cloudvariablen können nicht in nur für diese Figur umgewandelt werden.","swap-local-global/cant-convert-stage":"Die Bühne kann nicht Variablen nur für diese Figur haben.","swap-local-global/cant-convert-conflict":"Konnte nicht umwandeln, weil Konflikte mit Variablen in einer anderen Figur auftreten würden: {sprites}","swap-local-global/cant-convert-used-elsewhere":"Konnte nicht umwandeln, weil sie von einer anderen Figur verwendet wird: {sprite}","swap-local-global/edit-variable-option":"Variable bearbeiten oder umbenennen","swap-local-global/edit-list-option":"Liste umbenennen oder bearbeiten","swap-local-global/edit-variable-header":"Variable bearbeiten","swap-local-global/edit-list-header":"Liste bearbeiten","swap-local-global/edit":"Eigenschaften bearbeiten:","swap-local-global/@name":"Variablentyp ändern","swap-local-global/@description":"Fügt weitere Optionen beim Umbenennen einer vorhandenen Variablen oder Liste hinzu: ermöglicht das Wechseln zwischen \"Für alle Figuren\" und \"Nur für diese Figur\" und ob Variablen in der Cloud gespeichert werden. Fügt auch eine neue Option beim Rechtsklicken auf eine Variable/Liste hinzu, um deren Typ schnell zu ändern."}