{"turbowarp-player/confirmation":"Willst du hinein schauen? Der TurboWarp player wird dabei entfernt.","turbowarp-player/@name":"TurboWarp-Knopf","turbowarp-player/@description":"Fügt einen Knopf zu den Projektseiten neben dem Remixen-Knopf hinzu, der Projekte in TurboWarp ausführt.","turbowarp-player/@info-addonsWontWork":"Der \"Player ersetzen\"-Modus ändert den Scratch-Player zu einem TurboWarp-Embed, was das Hineinschauen in Projekten nicht unterstützt.","turbowarp-player/@info-cloudData":"TurboWarp verwendet separate Clodserver. Der \"Player ersetzen\"-Modus wird deinen Scratch-Benutzernamen an TurboWarp.org senden, um ihn in Clouddaten zu verwenden.","turbowarp-player/@settings-name-action":"Kopf-Verhalten","turbowarp-player/@settings-select-action-link":"Öffne neuen Tab","turbowarp-player/@settings-select-action-player":"Player ersetzen","turbowarp-player/@settings-name-addons":"Addons aktivieren"}