{"animated-thumb/set-thumbnail":"Mettre La Miniature","animated-thumb/added-by":"Bouton ajouté par l'extension de navigateur Scratch Addons","animated-thumb/description":"Téléchargez une miniature à partir d'un fichier ou cliquez sur \"Utiliser la scène\" pour utiliser la scène actuelle comme miniature.","animated-thumb/keep-thumb":"Arrêter l'enregistrement automatique des miniatures (recommandé)","animated-thumb/keep-thumb-desc":"Cela empêche l'éditeur d'écraser la miniature uploadé avec le contenu de la scène lors de l'enregistrement du projet.","animated-thumb/use-stage":"Utiliser la scène","animated-thumb/select-file":"Uploader un fichier","animated-thumb/close":"Fermer","animated-thumb/successful":"Miniature définie.","animated-thumb/server-error":"La miniature n'a pas pu être uploader en raison d'une erreur du serveur Scratch. Veuillez réessayer plus tard.","animated-thumb/error":"La miniature n'a pas pu être uploadée.","animated-thumb/too-big":"Le fichier est trop volumineux.","animated-thumb/gif":"Les projets avec une mliniature animée (gifs) peuvent ne pas apparaître sur la page d'accueil de Scratch et les résultats de recherche. Uploader quand même ?","animated-thumb/if-unsuccessful":"S'il ne s'agit pas de la miniature que vous venez de télécharger, le serveur Scratch rencontre peut-être un problème. Veuillez patienter quelques heures et réessayer.","animated-thumb/@name":"Sélecteur de miniature","animated-thumb/@description":"Ajoute un boutton à l'éditeur sui permet de changer la miniature du projet avec n'importe quelle image (y compris les gifs)."}