{"better-img-uploads/upload":"Charger HD","better-img-uploads/@name":"Chargement d'images en HD","better-img-uploads/@description":"Ajoute un nouveau bouton au-dessus du bouton \"upload le costume\" qui convertit automatiquement les images bitmap téléchargées en images SVG (vecteur) pour éviter de perdre en qualité.","better-img-uploads/@info-notSuitableEdit":"Évitez d'utiliser le bouton de téléchargement HD si vous prévoyez de modifier l'image après le téléchargement.","better-img-uploads/@settings-name-fitting":"Taille de l'image","better-img-uploads/@settings-select-fitting-full":"Taille originale","better-img-uploads/@settings-select-fitting-fill":"Étirer pour remplir la scène","better-img-uploads/@settings-select-fitting-fit":"Étirer pour remplir la scène"}