{"blocks2image/export_selected_to_SVG":"Exporter le bloc au format SVG","blocks2image/export_all_to_SVG":"Tout exporter au format SVG","blocks2image/export_selected_to_PNG":"Exporter le bloc au format PNG","blocks2image/export_all_to_PNG":"Tout exporter au format PNG","blocks2image/error_blocks_not_added":"Ajoute des blocs à l'espace de travail  !","blocks2image/@name":"Enregistrer les blocs en tant qu'image","blocks2image/@description":"Faites un clic droit sur la zone de code de l'éditeur pour exporter les blocs sous formes d'images SVG / PNG."}