{"block-cherry-picking/@name":"Prendre un seul bloc avec la touche Ctrl","block-cherry-picking/@description":"Ajoutes la possibilité de déplacé les blocs un par un avec la touche Ctrl (plutôt que le script le suivant)","block-cherry-picking/@info-macContextDisabled":"Sur macOS, utilisé la touche cmd plutôt que la touche Ctrl.","block-cherry-picking/@info-flipControls":"Si les \"contrôles inversés\" sont activés, la saisie de blocs individuellement sera activer par défaut. Maintenez la touche Ctrl enfoncée pour faire glisser toute la pile.","block-cherry-picking/@settings-name-invertDrag":"Contrôle inversé"}