{"confirm-actions/share":"Scratch Addons :\nVoulez-vous vraiment partager ce projet ?","confirm-actions/unshare":"Scratch Addons :\nVoulez-vous vraiment annuler le partage ?","confirm-actions/follow":"Scratch Addons :\nVoulez-vous vraiment suivre/ne plus suivre cet utilisateur ?","confirm-actions/joinstudio":"Scratch Addons:\nVoulez-vous vraiment rejoindre ce studio ?","confirm-actions/closetopic":"Scratch Addons :\nÊtes-vous sûr de vouloir fermer ce sujet ?","confirm-actions/@description":"Vous demande si vous êtes sûr lorsque vous effectuez des actions sous votre compte Scratch, telles que le partage de projets.","confirm-actions/@settings-name-projectsharing":"Confirmer le partage d'un projet","confirm-actions/@settings-name-projectunsharing":"Confirmer l'annulation du partage du projet","confirm-actions/@settings-name-followinguser":"Confirmer le suivi ou non d'utilisateurs","confirm-actions/@settings-name-joiningstudio":"Confirmer le rejoignement d'un studio","confirm-actions/@settings-name-closingtopic":"Confirmer la fermeture d'un sujet du forum"}