{"custom-zoom/@name":"Zoom de la zone de code personnalisable","custom-zoom/@description":"Ajuste le minimum, le maximum, la vitesse et la taille de base du zoom dans l'éditeur de code du projet, et cache automatiquement les contrôles.","custom-zoom/@settings-name-maxZoom":"Zoom maximum (100-500%)","custom-zoom/@settings-name-minZoom":"Zoom minimum (1-100 %)","custom-zoom/@settings-name-startZoom":"Zoom de base (50-500 %)","custom-zoom/@settings-name-zoomSpeed":"Vitesse du zoom (50-200 %)","custom-zoom/@settings-name-autohide":"Masquer automatiquement les contrôles pour le zoom","custom-zoom/@settings-name-speed":"Masquer automatiquement la durée de l'animation","custom-zoom/@settings-select-speed-none":"Aucun","custom-zoom/@settings-select-speed-short":"Court","custom-zoom/@settings-select-speed-default":"Par défaut"}