{"dark-www/@name":"Mode sombre du site Web et couleurs personnalisables","dark-www/@description":"Personnalisez les couleurs du site Web de Scratch. Plusieurs thèmes sombres de différents personnes disponibles. Si vous n'avez pas besoin du mode sombre mais que vous souhaitez modifier les couleurs par défaut, vous pouvez sélectionner le préréglage \"Couleurs par défaut de Scratch\" et le modifier.","dark-www/@update":"Vous pouvez maintenant entièrement personnaliser l'apparence du site Web de Scratch.","dark-www/@preset-name-experimentalDark":"Sombre \"Expérimental\"","dark-www/@preset-description-experimentalDark":"Un thème sombre de Maximouse basé sur un style utilisateur. Non expérimental","dark-www/@preset-name-darkWww":"WWW Sombre","dark-www/@preset-description-darkWww":"Un thème sombre par Ucrash","dark-www/@preset-name-scratch":"Couleurs par défaut de Scratch","dark-www/@preset-description-scratch":"Les couleurs normalement utilisées par Scratch","dark-www/@credits-addon":"Mode Sombre \"Expérimental\"","dark-www/@credits-darkwww":"WWW Sombre","dark-www/@settings-name-page":"Arrière-plan de la page","dark-www/@settings-name-navbar":"Arrière-plan de la barre de navigation","dark-www/@settings-name-box":"Arrière-plan des contenus","dark-www/@settings-name-gray":"Arrière-plan gris","dark-www/@settings-name-blue":"Arrière-plan bleu","dark-www/@settings-name-input":"Arrière-plan des entrées de données","dark-www/@settings-name-button":"Couleurs de surbrillance","dark-www/@settings-name-link":"Couleurs des liens","dark-www/@settings-name-footer":"Arrière-plan du bas de page","dark-www/@settings-name-border":"Couleur des bordures","dark-www/@settings-name-darkBanners":"Zones colorées","dark-www/@settings-select-darkBanners-off":"Par défaut","dark-www/@settings-select-darkBanners-darker":"Plus foncé","dark-www/@settings-select-darkBanners-desaturated":"Plus sombre et moins coloré","dark-www/@settings-name-darkScrollbars":"Barres de défilement sombres","dark-www/@settings-name-darkForumCode":"Blocs de code sombre sur les forums"}