{"data-category-tweaks-v2/list-category":"Listes","data-category-tweaks-v2/for-all-sprites":"Pour tous les sprites :","data-category-tweaks-v2/for-this-sprite-only":"Pour ce sprite uniquement :","data-category-tweaks-v2/@name":"Améliorations pour la catégorie des blocs de donnée","data-category-tweaks-v2/@description":"Apporte des améliorations pour la catégorie des blocs de donnée (\"Variables\") dans l'éditeur.","data-category-tweaks-v2/@settings-name-separateListCategory":"Catégorie séparée pour les listes","data-category-tweaks-v2/@settings-name-separateLocalVariables":"Séparer les variables uniques aux sprites","data-category-tweaks-v2/@settings-name-moveReportersDown":"Déplacer les blocs au dessus de la liste des variables"}