{"debugger/console":"Console","debugger/debug":"Débogage","debugger/export":"Exporter","debugger/clear":"Effacer","debugger/close":"Fermer","debugger/step":"Avancer","debugger/enter-format":"Entrez un format d'export :","debugger/unpause":"Reprendre","debugger/unknown-sprite":"(sprite inconnu)","debugger/clone-of":"Clone de {sprite}","debugger/icon-warn":"Avertissement","debugger/icon-error":"Erreur","debugger/empty-string":"(chaîne de caractères vide)","debugger/export-desc":"Cliquez tout en maintenant la touche Maj. enfoncée pour personnaliser le format d'exportation.","debugger/block-breakpoint":"point d'arrêt","debugger/block-log":"afficher message %s","debugger/block-warn":"afficher avertissement %s","debugger/block-error":"afficher erreur %s","debugger/cannot-pause-player":"Le bloc de point d'arrêt ne peut être utilisé que dans l'éditeur.","debugger/step-desc":"Exécute un seul bloc.","debugger/tab-logs":"Activités","debugger/tab-threads":"Processus","debugger/no-logs":"Il y a aucune activité à montrer.","debugger/no-threads-running":"Aucun processus en cours d'exécution.","debugger/log-msg-flag-clicked":"Drapeau vert cliqué.","debugger/log-msg-clone-cap":"Échec lors de la création d'un clone de '{sprite}', car il est impossible de créer plus de 300 clones.","debugger/log-msg-clone-created":"Un clone de '{sprite}' a été créé.","debugger/log-msg-broadcasted":"\"{broadcast}\" envoyé à tous les sprites.","debugger/log-msg-list-append-too-long":"Échec lors de l'ajout à la liste '{list}', car il est impossible d'ajouter plus de 200,000 éléments.","debugger/log-msg-list-insert-too-long":"L'élément n°200,000 a été retiré de la liste '{list}' pour permettre l'ajout d'un autre, car il est impossible d'ajouter plus de 200,000 éléments dans une liste.","debugger/log-cloud-data-nan":"Échec de la définition de la variable cloud '{var}'. Les variables cloud ne peuvent contenir que des chiffres.","debugger/log-cloud-data-too-long":"Échec de l'assignation d'une valeur à la variable cloud '{var}'. Les variables cloud ne peuvent contenir qu'au maximum 256 chiffres.","debugger/@description":"Ajoute une nouvelle fenêtre \"débogage\" à l'éditeur. Permet de se connecter à la \"console\" débogueur à l'aide des blocs \"log\", \"warn\" et \"erreur\". Le bloc \"point d'arrêt\" mettra le projet en pause lors de son exécution. Tous les processus en cours d'exécution peuvent être visualisés dans l'onglet \"processus\" du débogueur, et lorsqu'il est en pause, le bouton \"étape\" peut être utilisé pour exécuter le bloc suivant. Un graphique des \"FPS\" et du nombre de clones peut être visualisé dans l'onglet \"Performance\".","debugger/@update":"Nouveaux onglets \"Processus\" et \"Performance\" dans la fenêtre du débogueur.","debugger/@settings-name-log_clear_greenflag":"Effacer logs quand le drapeau vert est cliqué","debugger/@settings-name-log_greenflag":"Enregistrer les clics du drapeau vert","debugger/@settings-name-log_clone_create":"Enregistrer les créations de clone","debugger/@settings-name-log_failed_clone_creation":"Enregistrer le dépassement du nombre maximal de clones","debugger/@settings-name-log_broadcasts":"Enregistrer les envois de messages à tous les sprites","debugger/@settings-name-log_max_list_length":"Enregistrer les dépassements de longueurs des listes","debugger/@settings-name-log_invalid_cloud_data":"Enregistrer les valeurs invalides des variable cloud"}