{"discuss-button/@name":"Barre de navigation personnalisable","discuss-button/@description":"Choisis une liste de liens à afficher dans la barre de navigation.","discuss-button/@settings-name-items":"Objets","discuss-button/@settings-name-items-name":"Nom","discuss-button/@settings-default-items-0-name":"Créer","discuss-button/@settings-default-items-1-name":"Explorer","discuss-button/@settings-default-items-2-name":"Idées","discuss-button/@settings-default-items-3-name":"À propos","discuss-button/@preset-items-0":"Créer","discuss-button/@preset-value-items-0-name":"Créer","discuss-button/@preset-items-1":"Explorer","discuss-button/@preset-value-items-1-name":"Explorer","discuss-button/@preset-items-2":"Idées","discuss-button/@preset-value-items-2-name":"Idées","discuss-button/@preset-items-3":"À propos","discuss-button/@preset-value-items-3-name":"À propos","discuss-button/@preset-items-4":"Discussions","discuss-button/@preset-value-items-4-name":"Discussions"}