{"editor-theme3/@name":"Couleurs des blocs personnalisable","editor-theme3/@description":"Personnalisez la couleur des blocs pour chaque catégorie de bloc dans l'éditeur.","editor-theme3/@update":"Nouvelle option qui permet de changer les couleurs des blocs dans les forums.","editor-theme3/@preset-name-tweaks":"Ajustements 3.0","editor-theme3/@preset-description-tweaks":"Évènements, Contrôles et Blocs personnalisés avec les couleurs inspirées de  Scratch 2.0","editor-theme3/@preset-name-original":"Couleurs 2.0","editor-theme3/@preset-description-original":"Les couleurs classiques des blocs de Scratch 2.0","editor-theme3/@preset-name-dark":"Sombre","editor-theme3/@preset-description-dark":"Version sombre des couleurs par défaut","editor-theme3/@preset-name-black":"Noir","editor-theme3/@preset-description-black":"Rendre l'arrière-plan des blocs noir.","editor-theme3/@settings-name-motion-color":"mouvement","editor-theme3/@settings-name-looks-color":"apparence","editor-theme3/@settings-name-sounds-color":"son","editor-theme3/@settings-name-events-color":"événements","editor-theme3/@settings-name-control-color":"contrôle","editor-theme3/@settings-name-sensing-color":"capteurs","editor-theme3/@settings-name-operators-color":"opérateurs","editor-theme3/@settings-name-data-lists-color":"listes","editor-theme3/@settings-name-custom-color":"personnalisé","editor-theme3/@settings-name-sa-color":"Blocs de Scratch Addons","editor-theme3/@settings-name-input-color":"Entrées de blocs","editor-theme3/@settings-name-text":"Couleur du texte","editor-theme3/@settings-select-text-white":"Blanc","editor-theme3/@settings-select-text-black":"Noir","editor-theme3/@settings-select-text-colorOnWhite":"Coloré sur fond blanc","editor-theme3/@settings-select-text-colorOnBlack":"Coloré sur fond noir","editor-theme3/@settings-name-forums":"Changer la couleur des bloc dans les forums"}