{"editor-extra-keys/enter-key":"entrée","editor-extra-keys/@name":"Prise en charge de touches supplémentaire","editor-extra-keys/@description":"Ajoute plus de touches aux blocs \"touche () enfoncée ?\" et \"quand la touche () est pressée\", les listes déroulantes de blocs, telles que entrée, point, virgule, etc.","editor-extra-keys/@info-experimentalKeysWarn":"Les « touches expérimentales » comprennent le égale, le slash, le point-virgule et plus encore. Ils peuvent ne pas fonctionner sur tous les systèmes d'exploitation ou toutes les configurations de clavier.","editor-extra-keys/@info-shiftKeysWarn":"Les « touches Shift ou Maj.» incluent des touches qui nécessitent généralement la touche Shift ou Maj. et une touche numérique, comme le hashtag, le point d'exclamation, etc. Ces touches ne fonctionnent qu'avec le bloc « quand la touche () est pressée» et ne fonctionnent pas sur tous les systèmes d'exploitation ou configurations de clavier.","editor-extra-keys/@settings-name-experimentalKeys":"Activer les touches expérimentales","editor-extra-keys/@settings-name-shiftKeys":"Activer les touches Maj. ou Shift"}