{"editor-comment-previews/@name":"Prévisualisation des commentaires dans l'éditeur","editor-comment-previews/@description":"Vous permet de prévisualiser le contenu des commentaires en survolant les commentaires et blocs réduits. Vous pouvez l'utiliser pour afficher les commentaires hors écran, identifier un bloc de boucle à partir du bas par son aperçu, insérer de nombreux commentaires longs dans un petit espace, etc.","editor-comment-previews/@settings-name-hover-view":"Survolez les commentaires réduits pour prévisualiser","editor-comment-previews/@settings-name-hover-view-block":"Survolez les blocs pour prévisualiser les commentaires joints","editor-comment-previews/@settings-name-hover-view-procedure":"Survolez les blocs personnalisés pour prévisualiser les commentaires de définition","editor-comment-previews/@settings-name-delay":"Durée du délai","editor-comment-previews/@settings-select-delay-none":"Aucun","editor-comment-previews/@settings-select-delay-short":"Court","editor-comment-previews/@settings-name-follow-mouse":"Suivre le pointeur de souris","editor-comment-previews/@settings-name-reduce-transparency":"Réduire la transparence","editor-comment-previews/@settings-name-reduce-animation":"Réduire l'animation"}