{"editor-devtools/help-title":"Outils de Développement pour Scratch 3","editor-devtools/help-by":"par {url} et les contributeurs & traducteurs de Scratch Addons","editor-devtools/ctrl-space":"Ctrl + Espace, Clic mollete ou Maj + Clic","editor-devtools/ctrl-space-desc":"Affiche une boîte de texte dans laquelle vous pouvez taper le nom d'un bloc (ou une partie de celui-ci) et glisser le bloc dans votre code pour l'utiliser directement.","editor-devtools/code-tab-features":"Fonctionnalités De l'Onglet de Code","editor-devtools/interactive-find-bar":"Barre De Recherche Interactive (Ctrl + F)","editor-devtools/interactive-find-bar-desc":"Trouvez rapidement n'importe quel bloc personnalisé, variable, événement ou bloc chapeau défini dans un sprite en cliquant sur la nouvelle barre de recherche à droite des onglets code, costumes et son. Commencez par écrire pour filtrer la liste le plus possible. Utilisez les flèches haut et bas pour changer entre les différentes possibilités, et utilisez les flèches gauche et droite pour trouver chaque copie de ce bloc dans votre code.","editor-devtools/improved-tidy-up":"Nettoyage Des Blocs Amélioré","editor-devtools/improved-tidy-up-desc":"Faites un clic droit dans la zone des scripts pour afficher le menu, où l'option \"Nettoyer les blocs\" aura été remplacée par l'option \"Nettoyer les blocs +\" . Utilisez-la pour ranger vos scripts tout en conservant vos colonnes de scripts et tentera d'aligner les commentaires et de supprimer toutes les variables non utilisées, etc.","editor-devtools/help-new":"★ Nouveau ★","editor-devtools/help-make-space":"Espacer","editor-devtools/help-make-space-desc":"Ajoute de l'espace supplémentaire autour d'un script en faisant un clic droit sur le script et en choisissant \"Espacer\".","editor-devtools/copy-to-clipboard":"Copier dans le Presse-Papiers","editor-devtools/copy-to-clipboard-desc":"Faites un clic droit sur un bloc et 3 nouvelles options seront disponibles : Copier tout, Copier le Bloc et Couper le Bloc. Le bouton Copier Tout copiera le bloc entier dans le presse-papiers, comprenant les blocs intégrés dans celui-ci et ceux accrochés au dessous. Copier le Bloc copiera uniquement le bloc ainsi que les blocs intégrés dans celui-ci, mais aucun en dessous. Couper le Bloc copiera le bloc et le supprimera ensuite de l'espace de travail.","editor-devtools/paste-from-clipboard":"Coller à partir du presse-papiers","editor-devtools/paste-from-clipboard-desc":"Colle depuis le presse-papiers, mais surtout le colle où votre souris se situe pour pouvoir le placer (meilleur que le placer là où vous l'avez copié, système actuellement implémenté dans Scratch)","editor-devtools/swap-variable":"Echanger des Variables dans un Sprite","editor-devtools/swap-variable-desc":"Faites un clic droit sur une variable dans votre code pour cette nouvelle option. Elle vous permet d'échanger toutes les références à cette variable dans le sprite actuel d'un seul coup vers une autre variable. C'est idéal lorsque vous avez fait une erreur et que vous voulez échanger d'une variable à une autre ou que vous voulez changer de \"pour tous les sprites\" à \"pour ce sprite uniquement\". Cette option ne supprimera pas l'ancienne variable et n'affectera aucun autre variable du sprite.","editor-devtools/middleclick":"Sauter Vers","editor-devtools/middleclick-desc":"Utiliser le clic mollete sur une variable ou un bloc personnalisé vous permet d'aller directement à sa définition ou l'ouvre dans la barre de recherche interactive.","editor-devtools/ctrl-lr":"Ctrl + Gauche, Ctrl + Droite","editor-devtools/ctrl-lr-desc":"Naviguer à la précédente/prochaine position visitée dans la fenêtre de code (après avoir utilisé aller au bloc ou la barre de recherche). Cela vous permet d'effectuer un clic du milieu sur un bloc personnalisé pour aller à sa définition, puis d'appuyer sur Ctrl+Gauche pour revenir là où vous étiez juste avant.","editor-devtools/costume-tab-features":"Fonctionnalités De l'Onglet Des Costumes","editor-devtools/find-bar":"Barre De Recherche","editor-devtools/find-bar-costume-desc":"Cliquez pour lister tous les costumes par nom, et écrivez son nom pour le trouver. Utilisez les flèches ou la souris pour cliquer sur le nom et aller directement au costume.","editor-devtools/ctrl-lr-costume-desc":"Ces touches vous font naviguer au précédent/prochain costume dans le sprite.","editor-devtools/youtube":"Tutoriels YouTube","editor-devtools/orphaned":"{count, plural, one {Outils développeur : Supprimer 1 bloc de valeur seul ?} other {Outils développeur : Supprimer les # blocs de valeur seuls ?} }","editor-devtools/unused-var":"{count, plural, one {Outils développeur : Supprimer 1 variable locale inutilisée ? Là voilà :\n} other {Outils développeur : Supprimer les # variables locales inutilisées ? Les voici :\n} }","editor-devtools/unused-list":"{count, plural, one {Outils développeur : Supprimer 1 liste locale inutilisée ? La voici :\n} other {Outils développeur : Supprimer # listes locales inutilisées ? Les voici :\n} }","editor-devtools/var-not-exist":"Cette variable n'existe pas...","editor-devtools/find":"Chercher","editor-devtools/find-placeholder":"Chercher (Ctrl + F)","editor-devtools/deep":"Profond","editor-devtools/help":"Aide","editor-devtools/tutorials":"Tutoriels","editor-devtools/replace":"Outils développeur : Remplacer toutes les utilisations de la variable {name} dans ce sprite par la variable nommée :","editor-devtools/top":"envoyer en haut","editor-devtools/bottom":"envoyer en bas","editor-devtools/clean-plus":"Nettoyer les blocs +","editor-devtools/paste":"Coller","editor-devtools/copy-all":"Tout Copier","editor-devtools/copy-block":"Copier Le Bloc","editor-devtools/cut-block":"Couper le bloc","editor-devtools/make-space":"Espacer","editor-devtools/swap":"Remplacer la variable \"{var}\" dans le sprite","editor-devtools/lists":"listes","editor-devtools/insert":"Insérer","editor-devtools/start-typing":"Commencez à écrire...","editor-devtools/extension-description-not-for-addon":"Les outils développeur pour Scratch 3 vous permettent d'améliorer votre expérience de programmation Scratch sur https://scratch.mit.edu","editor-devtools/@name":"Outils pour développeurs","editor-devtools/@description":"Ajoute une une barre de recherche et de nouvelles options de menus à l'éditeur : copier/coller des blocs, un meilleur nettoyage, aller à la définition d'un bloc personnalisé, et plus !","editor-devtools/@info-shortcuts":"Appuyez sur \"Ctrl + F\" pour sélectionner la boîte de recherche, \"Ctrl + Espace\" pour afficher la fenêtre pour trouver un bloc par nom, \"Ctrl + Gauche/Droite\" pour naviguer dans l'historique des recherches.","editor-devtools/@settings-name-enableCleanUpPlus":"Améliorer l'option \"Nettoyer les blocs\"","editor-devtools/@settings-name-enablePasteBlocksAtMouse":"Coller les blocs à l'emplacement du curseur","editor-devtools/@settings-name-enableMiddleClickFinder":"Faites un clic avec la molette sur les variables, les blocs personnalisés ou les évènements pour aller à leur définition"}