{"fix-editor-comments/@name":"Meilleurs commentaires dans l'éditeur","fix-editor-comments/@description":"Apporte de nombreuses modifications aux commentaires dans l'éditeur Scratch : corrige un bug où les commentaires attachés aux blocs n'enregistrent pas correctement leurs positions après avoir été glissés, empêche les commentaires de bloc d'apparaître hors écran dans les scripts volumineux, maintient les connexions de commentaire de bloc droites, et plus encore.","fix-editor-comments/@settings-name-fix-drag":"Corriger le déplacement des blocs avec des commentaires attachés","fix-editor-comments/@settings-name-scroll":"Ajouter des barres de défilement aux commentaires tronqués","fix-editor-comments/@settings-name-standalone-edit":"Modifier directement les commentaires","fix-editor-comments/@settings-name-leash":"Fixer les commentaires à côté des blocs","fix-editor-comments/@settings-name-straighten":"Fixer les connexions de commentaires de bloc"}