{"forum-toolbar/link":"Lien vers :","forum-toolbar/prompt-wp":"Titre sur Wikipedia :","forum-toolbar/prompt-wiki":"Titre sur Scratch Wiki :","forum-toolbar/google":"Recherche Google","forum-toolbar/prompt-google":"Rechercher des mots-clés :","forum-toolbar/dictionary":"Dictionnaire.com","forum-toolbar/prompt-dictionary":"Mot :","forum-toolbar/center":"Centre","forum-toolbar/prompt-code":"Langue (pour surligner) :","forum-toolbar/color":"Couleur","forum-toolbar/prompt-color":"Couleur :","forum-toolbar/@name":"Bouton Plus de forums dans la barre d'outils","forum-toolbar/@description":"Ajoute des boutons dans la barre d'édition du forum qui ajoute des tags BBCode, comme [center] ou [color].","forum-toolbar/@credits-icons":"icônes","forum-toolbar/@settings-name-wiki":"Wiki Scratch","forum-toolbar/@settings-name-google":"Recherche Google","forum-toolbar/@settings-name-dictionary":"Dictionnaire.com","forum-toolbar/@settings-name-color":"Couleur","forum-toolbar/@settings-name-center":"Centrer"}