{"full-signature/load-more":"Montrer Plus","full-signature/@name":"Zones complètes","full-signature/@description":"Affiche le contenu complet des zones à hauteur limitée, telles que les signatures d'utilisateurs sur les forums et Ce que j'ai fait sur les profils, en les rendant redimensionnables ou défilables.","full-signature/@settings-name-whatworkingon":"Afficher la barre de scroll pour \"À propos de moi\"","full-signature/@settings-name-whathappen":"Afficher la barre de scroll pour \"Ce que je suis en train de faire\"","full-signature/@settings-name-signature":"Afficher la barre de scroll pour les signatures de forums.","full-signature/@settings-name-blocks":"Afficher la barre de défilement pour les blocs Scratch sur les forums"}