{"fullscreen/@name":"Plein écran amélioré","fullscreen/@description":"Corrige certains effets indésirables dans le mode plein écran des projets, l'ouvre dans le mode plein écran de votre navigateur et masque la barre d'outils du drapeau vert.","fullscreen/@info-hideToolbarNotice":"Si vous choisissez de masquer la barre d'outils, n'oubliez pas que vous pouvez utiliser la touche Échap pour quitter le mode plein écran du projet","fullscreen/@settings-name-browserFullscreen":"Ouvrir le projet en mode plein écran","fullscreen/@settings-name-hideToolbar":"Masquer la bar d'outils en grand écran"}