{"hide-project-stats/@name":"Cacher les stats du projet","hide-project-stats/@description":"Vous permet de masquer les loves, les favoris, les remix et le nombre de vues sur la page d'accueil et les pages de projet.","hide-project-stats/@settings-name-loves":"Masquer le nombre de \"J'aime\"","hide-project-stats/@settings-name-favorites":"Masquer le nombre de Favoris","hide-project-stats/@settings-name-remixes":"Masquer le nombre de remix","hide-project-stats/@settings-name-views":"Masquer le nombre de vues","hide-project-stats/@settings-name-lovesFront":"Masquer le nombres de loves dans \"Ce que la communauté aime\"","hide-project-stats/@settings-name-remixesFront":"Masquer le nombre de remix dans \"Ce que la communauté remixe\""}