{"hide-flyout/@name":"Masquer automatiquement la palette de blocs","hide-flyout/@description":"Cache la palette des blocs si elle n'est pas survolée. Cliquez sur l'icône de cadenas pour la maintenir en place temporairement. Sinon, utilisez le mode \"Clic sur la catégorie\".","hide-flyout/@info-hoverExplanation":"Le mode \"Survol de la palette\" n'étend seulement la zone affichée. Si vous voulez pouvoir glisser les blocs dans cette zone sans qu'ils soient supprimés, utilisez un des autres modes.","hide-flyout/@settings-name-toggle":"Activer...","hide-flyout/@settings-select-toggle-hover":"Au survol de la palette","hide-flyout/@settings-select-toggle-cathover":"Au survol de la catégorie","hide-flyout/@settings-select-toggle-category":"Au clic de la catégorie","hide-flyout/@settings-name-speed":"Durée de l'animation","hide-flyout/@settings-select-speed-none":"Aucune","hide-flyout/@settings-select-speed-short":"Courte","hide-flyout/@settings-select-speed-default":"Par défaut","hide-flyout/@settings-select-speed-long":"Longue"}