{"items-per-row/@name":"Plus d'articles par ligne","items-per-row/@description":"Vous permet de modifier le nombre d'éléments affichés sur une seule colonne dans une grille de projets, de studios ou d'utilisateurs.","items-per-row/@settings-name-search":"Explorer et rechercher","items-per-row/@settings-name-studioProjects":"Projets de studio","items-per-row/@settings-name-studioCurators":"Curateurs de studio","items-per-row/@settings-name-projects":"Remix de projets, projets partagés par les utilisateurs et favoris","items-per-row/@settings-name-studios":"Studios de projet, studios sélectionnés et suivis par les utilisateurs","items-per-row/@settings-name-users":"Followers de l'utilisateur et suivi"}