{"live-featured-project/change-featured":"Modifier le projet à l'affiche","live-featured-project/@name":"Projet à l'affiche jouable","live-featured-project/@description":"Affiche une bannière avec le projet a l'affiche de l'utilisateur directement sur son profil. Basé sur l'implémentation de Mega Scratch Userscript.","live-featured-project/@credits-remake":"remix","live-featured-project/@settings-name-showMenu":"Afficher le menu du projet (barre du haut) ","live-featured-project/@settings-name-alternativePlayer":"Lecteur alternatif","live-featured-project/@settings-select-alternativePlayer-none":"Aucun","live-featured-project/@settings-name-autoPlay":"Jouer automatiquement le projet (pour les lecteurs alternatifs)","live-featured-project/@settings-name-forceAlternative":"Obliger l'utilisation d'un lecteur alternatif","live-featured-project/@settings-name-enableTWAddons":"Activer les addons TurboWarp"}