{"mediarecorder/record":"Démarrer l'Enregistrement","mediarecorder/stop":"Arrêter l'enregistrement","mediarecorder/option-title":"Options d'enregistrement","mediarecorder/record-duration":"Durée de l'enregistrement (en secondes)","mediarecorder/start-delay":"Délai de démarrage (en secondes)","mediarecorder/starting-in":"Démarrage dans{secs} ...","mediarecorder/record-audio":"Inclure les sons du projet","mediarecorder/record-mic":"Inclure les sons du microphone","mediarecorder/record-audio-description":"Cela n'inclut pas la synthèse vocale.","mediarecorder/record-after-flag":"Ne démarrez pas l'enregistrement tant que le drapeau vert n'est pas été cliqué","mediarecorder/record-until-stop":"Arrêter l'enregistrement quand le projet se termine","mediarecorder/record-description":"Enregistrer la scène en fichier WebM. Vous pouvez le sauvegarder sur votre ordinateur une fois l'enregistrement terminé.","mediarecorder/start":"Commencer","mediarecorder/cancel":"Annuler","mediarecorder/added-by":"Ajouté par l'extension de navigateur Scratch Addons","mediarecorder/click-flag":"En attente...","mediarecorder/click-flag-description":"Cliquez sur le drapeau vert pour démarrer l'enregistrement. Cliquez sur ce bouton pour arrêter.","mediarecorder/record-until-stop-disabled":"Vous devez activer \"{afterFlagOption}\" pour utiliser cette option.","mediarecorder/@name":"Enregistreur vidéo de projet","mediarecorder/@description":"Ajoute un bouton \"démarrer l'enregistrement\" à la barre de menu de l'éditeur qui vous permet d'enregistrer la scène du projet."}