{"msg-count-badge/@name":"Nombre de messages sur l'icône de l'extension","msg-count-badge/@description":"Affiche le nombre de messages non lus sur l'icône de Scratch Addons","msg-count-badge/@preset-name-oldLightGreen":"Vieux vert clair","msg-count-badge/@preset-description-oldLightGreen":"La couleur du badge de l'extension Scratch Messaging d'origine.","msg-count-badge/@preset-name-blue":"Bleu","msg-count-badge/@preset-name-black":"Noir","msg-count-badge/@preset-description-orange":"La même couleur que le logo de Scratch Addons.","msg-count-badge/@settings-name-color":"Couleur du badge","msg-count-badge/@settings-name-showOffline":"Indiquer quand vous n'êtes pas connecté"}