{"onion-skinning/toggle":"Activer la Pelure d'Oignon","onion-skinning/settings":"Paramètres de Pelure d'Oignon","onion-skinning/previous":"Costumes précédents","onion-skinning/next":"Costumes suivants","onion-skinning/opacity":"Opacité (%)","onion-skinning/opacityStep":"Différence d'opacité (%)","onion-skinning/merge":"Combiner","onion-skinning/tint":"Teinte","onion-skinning/layering":"Calques","onion-skinning/front":"Devant","onion-skinning/behind":"Derrière","onion-skinning/@name":"Pelure d'oignon","onion-skinning/@description":"Affiche des superpositions transparentes des costumes précédents ou suivants lors de l'édition d'un costume. Contrôlé par des boutons sous l'éditeur de costumes par les boutons de zoom.","onion-skinning/@settings-name-default":"Activer par défaut","onion-skinning/@settings-name-previous":"Costumes précédents par défaut","onion-skinning/@settings-name-next":"Costumes suivants par défaut","onion-skinning/@settings-name-opacity":"Opacité (%)","onion-skinning/@settings-name-opacityStep":"Différence d'opacité (%)","onion-skinning/@settings-name-layering":"Calque par défaut","onion-skinning/@settings-select-layering-front":"Devant","onion-skinning/@settings-select-layering-behind":"Derrière","onion-skinning/@settings-name-mode":"Mode par défaut","onion-skinning/@settings-select-mode-merge":"Combiner les images","onion-skinning/@settings-select-mode-tint":"Teinte","onion-skinning/@settings-name-beforeTint":"Couleur du costume précédent","onion-skinning/@settings-name-afterTint":"Couleur du costume suivant"}