{"paint-by-default/@name":"Éditeur de costume par défaut","paint-by-default/@description":"Modifie l'action par défaut des boutons \"Choisir un Sprite/Costume/Backdrop/Son\", qui ouvrent la bibliothèque par défaut.","paint-by-default/@settings-name-sprite":"Ajouté un lutin","paint-by-default/@settings-select-sprite-library":"Bibliothèque","paint-by-default/@settings-select-sprite-paint":"Peindre","paint-by-default/@settings-select-sprite-upload":"Uploadé","paint-by-default/@settings-name-costume":"Ajouter un costume","paint-by-default/@settings-select-costume-library":"Bibliothèque","paint-by-default/@settings-select-costume-paint":"Peindre","paint-by-default/@settings-select-costume-upload":"Uploadé","paint-by-default/@settings-name-backdrop":"Ajouté","paint-by-default/@settings-select-backdrop-library":"Bibliothèque","paint-by-default/@settings-select-backdrop-paint":"Peindre","paint-by-default/@settings-select-backdrop-upload":"Uploadé","paint-by-default/@settings-name-sound":"Ajouté un son","paint-by-default/@settings-select-sound-library":"Bibliothèque","paint-by-default/@settings-select-sound-record":"Enregistrer","paint-by-default/@settings-select-sound-upload":"Uploadé"}