{"scratch-notifier/notif-own-project":"{actor} a commenté sur votre projet \"{title}\"","scratch-notifier/notif-project-reply":"{actor} a répondu à votre commentaire sur votre projet \"{title}\"","scratch-notifier/notif-own-project-reply":"{actor} a répondu à {commentee} sur le projet \"{title}\"","scratch-notifier/notif-profile":"{actor} a commenté sur votre profil","scratch-notifier/notif-own-profile-reply":"{actor} vous a répondu sur votre profil","scratch-notifier/notif-own-profile-reply-other":"{actor} a répondu à {commentee} sur votre profil","scratch-notifier/notif-profile-reply":"{actor} a répondu sur le profil de {title}","scratch-notifier/notif-studio-reply":"{actor} a répondu dans le studio \"{title}\"","scratch-notifier/notif-comment":"Nouveau commentaire Scratch","scratch-notifier/notif-forum":"Il y a de nouveaux posts dans le fil de discussion \"{title}\"","scratch-notifier/notif-love":"{actor} a aimé votre projet \"{title}\"","scratch-notifier/notif-fav":"{actor} a marqué votre projet \"{title}\" comme favori.","scratch-notifier/notif-follow":"{actor} est maintenant en train de vous suivre","scratch-notifier/notif-invite":"{actor} vous a invité à devenir curateur du studio \"{title}\"","scratch-notifier/notif-remix":"{actor} a remixé votre projet \"{parent_title}\" en \"{title}\"","scratch-notifier/notif-studio":"Il y avait de nouvelles activités dans le studio \"{title}\" aujourd'hui","scratch-notifier/notif-generic":"Nouveau message Scratch","scratch-notifier/open":"Ouvrir la page des messages","scratch-notifier/clear":"Marquer comme lu","scratch-notifier/notif-promotion":"{actor} vous a promu manager du studio \"{title}\"","scratch-notifier/notif-host":"{actor} vous a promu manager du studio \"{title}\"","scratch-notifier/st":"Un membre de l'équipe Scratch","scratch-notifier/@name":"Notifications Scratch","scratch-notifier/@description":"Notification lors de nouveaux messages Scratch. Cliquez sur la notification pour aller directement sur le message (commentaire, projet, etc.)","scratch-notifier/@credits-scratchAddonsPing":"Ping Scratch Addons","scratch-notifier/@settings-name-mark_as_read_when_clicked":"Marquer tous les messages comme lus après avoir cliqué sur la notification","scratch-notifier/@settings-name-notification_sound":"Son des notifications","scratch-notifier/@settings-select-notification_sound-silent":"Silencieux","scratch-notifier/@settings-select-notification_sound-system-default":"Par défaut","scratch-notifier/@settings-select-notification_sound-addons-ping":"Notifications de Scratch Addons","scratch-notifier/@settings-name-commentsforme_notifications":"{commentIcon} Notifier des commentaires et réponses sur mon profil","scratch-notifier/@settings-name-commentsonmyprojects_notifications":"{commentIcon} Notifier des commentaires sur mes projets","scratch-notifier/@settings-name-forumpost_notifications":"{forumIcon} Notifier de l'activité sur les forums","scratch-notifier/@settings-name-loveproject_notifications":"{heartIcon} Notifier des j'aime","scratch-notifier/@settings-name-favoriteproject_notifications":"{starIcon} Notifier des marquages en favori","scratch-notifier/@settings-name-followuser_notifications":"{followIcon} Notifier en cas de nouveau suiveur","scratch-notifier/@settings-name-curatorinvite_notifications":"{studioAddIcon} Notifier des invitations aux studios","scratch-notifier/@settings-name-studioactivity_notifications":"{studioIcon} Notifier des activités dans les studios","scratch-notifier/@settings-name-remixproject_notifications":"{remixIcon} Notifier des remix","scratch-notifier/@settings-name-becomeownerstudio_notifications":"{adminusersIcon} Notifier les promotions dans les studios","scratch-notifier/@settings-name-becomehoststudio_notifications":"{usersIcon} Notifier les promotions dans les studios"}