{"search-my-stuff/project-placeholder":"Recherche les projets","search-my-stuff/studio-placeholder":"Recherche les studios","search-my-stuff/trash-placeholder":"Recherche la poubelle","search-my-stuff/search-by":"Recherche par","search-my-stuff/progress-header":"Recherche...","search-my-stuff/progress-tip":"{number, plural, one {1 item recherché jusqu'à présent.} other {# items recherchés jusqu'à présent.}}","search-my-stuff/load-more-header":"C'est tout ce que nous avons trouvé jusqu'à présent.","search-my-stuff/load-more-tip":"Si vous ne trouvez pas ce que vous cherchez, essayez de charger d'avantage ou de changer votre recherche par liste déroulante pour chercher différent ensembles de projets.\nSi vous obtenez beaucoup de résulta indésirable, essayez une recherche plus spécifique.","search-my-stuff/end-header":"C'est tout ce que nous avons trouvé pour votre recherche.","search-my-stuff/end-tip":"Si vous ne trouvez pas ce que vous cherchez, vérifiez les fautes de frappe ou changer votre recherche.","search-my-stuff/no-results-header":"Nous n'avons trouvé aucune correspondance pour votre recherche.","search-my-stuff/no-results-tip":"Vérifiez les fautes de frappes ou essayez de changer les terme de la recherche.","search-my-stuff/@name":"Barre de recherche sur dans Mes projets","search-my-stuff/@description":"Vous autorise à recherchez vos projets, studios et et projet supprimé dans la page Mes projets. Commencez simplement à écrire n'importe où pour commencé la recherche. Vous pouvez aussi faire Ctrl + Entrée pour ouvrir rapidement le premier projet trouver.","search-my-stuff/@info-pleaseBePatient":"Si vous avez beaucoup de projets ou de studios, la recherche prendra un certain temps."}