{"studio-tools/promote-new":"Promouvoir des curateurs","studio-tools/remove-new":"Supprimer des curateurs","studio-tools/leave":"Quitter","studio-tools/leave-new":"Quitter le studio","studio-tools/promote-btn":"Promouvoir","studio-tools/remove-btn":"Supprimer","studio-tools/owner-error":"Vous êtes le propriétaire du studio.","studio-tools/leave-confirm":"Êtes-vous sûr de vouloir quitter ce studio ?","studio-tools/added-by":"Bouton ajouté par l'extension de navigateur Scratch Addons","studio-tools/invalid-username":"Le nom d'utilisateur n'est pas valide.","studio-tools/not-curator":"L'utilisateur n'est pas un curateur.","studio-tools/401":"Hmm, on dirait que vous n'êtes pas autorisé à faire ça. Vérifiez que vous êtes connecté.","studio-tools/server-down":"On dirait que le serveur de Scratch est en panne.","studio-tools/unknown-error":"Quelque chose s'est mal passé, essayez à nouveau.","studio-tools/promoted":"{username} a été promu en tant que manager.","studio-tools/removed":"{username} a été supprimé du studio.","studio-tools/max-managers-reached":"Ce studio a atteint la limite de {max} managers.","studio-tools/too-many-managers":"Vous devez supprimer quelques managers avant de promouvoir quelqu'un.","studio-tools/@name":"Outils de studio","studio-tools/@description":"Permet aux managers de promouvoir facilement les curateurs au rang de managers ou de retirer n'importe qui d'un studio dans l'onglet \"curateurs\", et ajoute la possibilité de quitter un studio à l'aide d'un bouton en-dessous de \"Suivre le studio\".","studio-tools/@settings-name-mystufftools":"Ajoute un boutton pour quitter les studios depuis la section \"Mes projets\""}