{"studio-followers/modal-title":"Invitez vos suiveurs dans le studio","studio-followers/button":"Voir les abonnés","studio-followers/fetch-error":"Hmm, on dirait que tu n'es pas autorisé à faire ça. Assurez-vous que vous êtes connecté.","studio-followers/followers":"Suiveurs","studio-followers/following":"S'abonner","studio-followers/@name":"Bouton Parcourir les abonnés dans les studios","studio-followers/@description":"Ajoute un bouton en haut de l'onglet « Curateurs» dans les studios que vous gérez, qui répertorie vos abonnés et utilisateurs suivis et vous permet d'inviter un utilisateur affiché en un seul clic."}