{"swap-local-global/to-local":"Convertir en \"Pour ce sprite uniquement\"","swap-local-global/to-global":"Convertir en \"Pour tous les sprites\"","swap-local-global/cant-convert-to-local":"Impossible d'effectuer la conversion car plusieurs sprites l'utilisent : {sprites}","swap-local-global/cant-convert-cloud":"Les variables cloud ne peuvent pas être converties uniquement dans ce sprite.","swap-local-global/cant-convert-stage":"La scène ne peut pas avoir de variables uniquement pour ce sprite.","swap-local-global/cant-convert-conflict":"Impossible d'effectuer la conversion car cela entrerait en conflit avec les variables d'un autre sprite : {sprites}","swap-local-global/cant-convert-used-elsewhere":"Impossible d'effectuer la conversion car un autre sprite l'utilise : {sprite}","swap-local-global/edit-variable-option":"Renommer ou modifier la variable","swap-local-global/edit-list-option":"Renommer ou modifier la liste","swap-local-global/edit-variable-header":"Modifier la variable","swap-local-global/edit-list-header":"Modifier la liste","swap-local-global/edit":"Modifier les propriétés","swap-local-global/@name":"Basculer les variables entre \"Pour tous les sprites\" et \"Pour ce sprite uniquement.","swap-local-global/@description":"Ajoute plus d'options lors du renommage d'une variable ou d'une liste existante : permet de basculer entre « Pour tous les sprites » et « Pour ce sprite uniquement » et si les variables sont stockées dans le cloud. Ajoute également une nouvelle option lors d'un clic droit sur une variable/liste pour changer rapidement sa portée."}