{"turbowarp-player/confirmation":"Êtes-vous sûr de vouloir voir à l'intérieur? Le lecteur TurboWarp sera enlevé.","turbowarp-player/@name":"Bouton TurboWarp","turbowarp-player/@description":"Ajoute un bouton sur les pages de projet pour lire le projet dans TurboWarp.org, à côté du bouton Remix.","turbowarp-player/@info-addonsWontWork":"Le mode « Remplacer le lecteur » transforme le lecteur Scratch en une intégration TurboWarp, qui ne prend pas en charge la visualisation à l'intérieur des projets.","turbowarp-player/@info-cloudData":"TurboWarp a des serveurs de données cloud séparés. Le mode \"Remplacer lecteur\" enverra votre nom d'utilisateur Scratch à TurboWarp.org pour une utilisation dans les données cloud.","turbowarp-player/@settings-name-action":"Comportement des boutons","turbowarp-player/@settings-select-action-link":"ouvrir un nouvel onglet","turbowarp-player/@settings-select-action-player":"Remplacer le lecteur","turbowarp-player/@settings-name-addons":"Activer les addons"}